ts,device_id,interface_name,util_in,util_out,admin_status,oper_status
2026-07-08T07:55:03Z,core-sw1,fa0/0,98.8,34.2,2,1
2026-04-15T15:13:51Z,core-sw1,eth1,97.3,97.5,1,2
2026-05-14T01:28:09Z,core-sw1,eth0,72.1,31.4,1,2
2026-05-20T10:16:22Z,core-sw1,gi0/1,12.5,37.0,2,1
2026-04-25T02:43:56Z,core-sw1,fa0/0,45.3,3.5,2,2
2026-07-03T19:01:34Z,core-sw1,fa0/0,28.1,47.9,1,1
2026-06-24T18:20:49Z,core-sw1,eth1,14.2,76.5,1,1
2026-05-27T06:41:16Z,core-sw1,fa0/1,44.2,95.5,1,2
2026-04-17T11:38:00Z,core-sw1,fa0/0,3.7,64.1,1,2
2026-06-26T05:03:59Z,core-sw1,fa0/0,89.5,23.3,2,1
2026-05-11T20:20:06Z,core-sw1,gi0/1,32.2,52.0,2,1
2026-07-09T11:32:29Z,core-sw1,fa0/0,12.0,2.9,2,1
2026-05-07T22:03:03Z,core-sw1,eth0,66.4,84.9,1,1
2026-07-01T08:53:56Z,core-sw1,gi0/2,12.7,17.1,1,2
2026-04-09T17:14:29Z,core-sw1,fa0/0,18.4,75.4,2,1
2026-04-28T16:32:21Z,core-sw1,eth1,71.0,98.4,2,1
2026-05-30T06:34:05Z,core-sw1,gi0/2,48.9,21.1,2,1
2026-04-14T03:13:38Z,core-sw1,gi0/2,10.0,19.5,1,1
2026-04-10T02:12:41Z,core-sw1,gi0/1,73.6,1.6,1,1
2026-06-11T09:28:33Z,core-sw1,fa0/1,55.6,19.4,2,1
2026-06-06T04:20:30Z,core-sw1,gi0/2,77.2,71.1,2,2
2026-06-26T09:17:13Z,core-sw1,eth0,79.7,41.6,1,1
2026-05-10T04:40:18Z,core-sw1,gi0/1,8.9,71.4,2,2
2026-05-11T04:37:04Z,core-sw1,fa0/0,13.8,23.4,2,1
2026-04-27T11:47:00Z,core-sw1,fa0/1,78.7,18.5,1,1
2026-06-25T17:34:40Z,core-sw1,gi0/1,8.3,97.7,1,2
2026-04-26T11:59:48Z,core-sw1,eth1,68.6,27.8,2,1
2026-06-29T23:42:02Z,core-sw1,fa0/0,22.8,53.1,2,2
2026-05-06T21:07:02Z,core-sw1,gi0/2,59.1,25.1,1,1
2026-07-01T07:30:58Z,core-sw1,gi0/2,20.7,14.4,2,2
2026-05-02T14:48:51Z,core-sw1,eth0,66.9,28.0,1,1
2026-05-16T01:49:57Z,core-sw1,gi0/1,84.2,83.7,2,1
2026-05-25T10:11:07Z,core-sw1,gi0/1,47.9,83.0,1,1
2026-04-18T11:18:43Z,core-sw1,gi0/1,6.3,16.3,1,2
2026-04-25T12:29:45Z,core-sw1,gi0/1,55.3,33.8,1,2
2026-05-28T19:39:37Z,core-sw1,gi0/2,83.0,58.1,1,1
2026-04-15T00:18:48Z,core-sw1,eth1,92.4,67.9,2,1
2026-05-20T00:10:18Z,core-sw1,gi0/2,91.4,84.8,2,2
2026-05-04T11:02:35Z,core-sw1,fa0/0,12.9,43.8,1,1
2026-06-13T12:32:37Z,core-sw1,gi0/2,44.3,30.2,1,1
2026-04-25T06:50:35Z,core-sw1,fa0/0,70.5,16.7,2,2
2026-07-15T07:08:49Z,core-sw1,fa0/0,55.2,98.9,2,2
2026-05-20T14:10:38Z,core-sw1,gi0/2,11.9,87.4,1,2
2026-06-05T23:52:28Z,core-sw1,fa0/0,75.2,30.7,1,1
2026-04-26T22:27:19Z,core-sw1,fa0/1,7.6,10.8,1,2
2026-06-23T22:39:54Z,core-sw1,eth1,98.3,59.9,2,1
2026-04-18T17:48:23Z,core-sw1,fa0/1,33.9,29.1,1,1
2026-05-06T16:50:49Z,core-sw1,eth0,27.6,0.6,1,1
2026-05-30T07:08:39Z,core-sw1,eth1,89.7,94.2,1,2
2026-04-09T15:35:00Z,core-sw1,gi0/2,25.7,52.5,1,1
2026-06-03T21:36:49Z,core-sw2,gi0/2,33.0,63.2,2,2
2026-07-08T10:10:54Z,core-sw2,gi0/1,57.9,21.7,1,1
2026-06-24T15:54:47Z,core-sw2,fa0/1,58.2,90.3,2,2
2026-07-10T20:18:21Z,core-sw2,fa0/1,90.2,50.1,2,1
2026-04-15T11:15:02Z,core-sw2,gi0/1,20.9,57.5,1,2
2026-06-07T11:06:08Z,core-sw2,eth1,3.8,63.7,2,2
2026-06-01T13:05:59Z,core-sw2,gi0/2,42.3,85.5,2,2
2026-05-01T12:48:59Z,core-sw2,fa0/1,99.4,99.1,1,1
2026-06-18T07:38:10Z,core-sw2,gi0/1,38.2,50.4,1,2
2026-05-13T01:48:00Z,core-sw2,eth1,98.1,94.5,2,1
2026-05-21T05:27:36Z,core-sw2,eth1,33.4,55.1,2,1
2026-07-06T18:31:24Z,core-sw2,fa0/0,47.9,26.9,2,1
2026-07-10T14:42:11Z,core-sw2,eth0,96.9,35.2,1,2
2026-04-21T22:46:02Z,core-sw2,fa0/1,84.8,5.7,1,1
2026-07-06T09:34:28Z,core-sw2,eth1,29.8,75.0,1,1
2026-06-22T20:14:01Z,core-sw2,eth0,18.9,17.6,1,2
2026-04-09T21:17:31Z,core-sw2,fa0/0,10.3,27.4,1,2
2026-06-15T23:18:06Z,core-sw2,eth0,53.0,32.0,1,2
2026-06-14T20:21:41Z,core-sw2,eth1,10.8,1.5,1,2
2026-06-28T22:33:26Z,core-sw2,fa0/0,99.0,82.5,1,2
2026-06-03T06:33:31Z,core-sw2,gi0/2,65.3,47.7,1,1
2026-04-19T22:18:33Z,core-sw2,gi0/1,56.1,42.0,1,2
2026-06-19T09:45:33Z,core-sw2,gi0/2,71.3,47.0,1,2
2026-04-15T05:12:53Z,core-sw2,fa0/1,23.8,78.9,2,2
2026-05-24T19:05:31Z,core-sw2,eth0,45.0,89.7,1,2
2026-07-12T12:47:52Z,core-sw2,eth0,56.8,99.5,2,2
2026-06-27T21:32:25Z,core-sw2,eth1,0.7,47.2,1,1
2026-05-30T23:29:29Z,core-sw2,fa0/1,19.6,90.1,1,1
2026-06-30T11:23:52Z,core-sw2,gi0/2,43.8,88.1,2,2
2026-04-15T08:19:16Z,core-sw2,eth0,60.8,84.5,2,1
2026-05-16T21:33:24Z,core-sw2,fa0/1,82.6,89.7,1,1
2026-07-14T23:02:57Z,core-sw2,eth1,90.2,73.5,1,2
2026-04-26T20:35:28Z,core-sw2,gi0/1,48.3,88.5,2,2
2026-06-03T22:03:35Z,core-sw2,eth1,87.2,15.1,1,2
2026-07-16T06:12:35Z,core-sw2,fa0/0,29.5,22.1,1,2
2026-04-11T18:32:30Z,core-sw2,eth1,38.7,20.0,1,2
2026-06-23T06:50:49Z,core-sw2,eth1,76.6,48.7,2,2
2026-06-10T00:26:28Z,core-sw2,eth1,70.1,45.0,2,2
2026-05-21T11:00:18Z,core-sw2,gi0/1,9.2,83.2,1,1
2026-06-18T01:50:12Z,core-sw2,fa0/1,40.6,42.5,2,2
2026-07-07T07:46:29Z,core-sw2,gi0/2,7.5,92.6,2,1
2026-05-10T17:41:03Z,core-sw2,fa0/0,30.1,40.3,2,2
2026-04-13T21:21:06Z,core-sw2,eth0,88.8,43.2,1,1
2026-04-27T00:45:13Z,core-sw2,fa0/0,31.1,10.6,2,2
2026-05-03T19:43:30Z,core-sw2,eth1,81.7,69.0,2,2
2026-04-20T10:38:21Z,core-sw2,fa0/1,73.6,52.8,2,2
2026-06-26T04:02:34Z,core-sw2,fa0/1,26.3,58.5,1,2
2026-04-18T02:52:37Z,core-sw2,gi0/1,24.9,18.0,2,2
2026-05-17T17:13:06Z,core-sw2,eth1,41.4,27.2,2,1
2026-07-03T23:26:08Z,core-sw2,gi0/1,70.3,68.9,2,2
2026-05-20T11:08:01Z,fw2,eth0,57.8,65.3,2,1
2026-06-15T14:41:11Z,fw2,gi0/2,77.1,51.3,2,1
2026-06-20T17:56:11Z,fw2,gi0/1,21.4,63.3,1,2
2026-07-15T15:21:54Z,fw2,gi0/2,65.1,45.9,2,2
2026-05-03T01:37:57Z,fw2,fa0/1,88.0,23.5,2,2
2026-05-06T20:50:31Z,fw2,gi0/2,45.2,16.8,1,2
2026-06-27T10:14:01Z,fw2,gi0/1,49.9,72.6,2,2
2026-06-15T16:10:57Z,fw2,eth0,0.6,38.4,2,2
2026-04-09T05:19:25Z,fw2,gi0/1,69.3,70.5,2,1
2026-04-15T16:03:47Z,fw2,eth1,35.6,63.0,2,1
2026-05-02T00:14:01Z,fw2,gi0/2,51.3,15.0,2,1
2026-06-26T00:24:30Z,fw2,eth0,2.4,20.7,1,1
2026-06-09T13:48:06Z,fw2,fa0/1,48.1,44.6,1,2
2026-04-17T14:56:53Z,fw2,gi0/1,49.9,94.8,1,1
2026-06-16T16:14:37Z,fw2,eth0,2.8,63.7,2,1
2026-05-24T10:11:06Z,fw2,gi0/2,38.7,25.1,1,2
2026-06-27T04:25:02Z,fw2,fa0/1,50.5,60.1,2,1
2026-04-29T17:46:47Z,fw2,gi0/1,64.0,71.1,2,1
2026-05-31T17:55:44Z,fw2,fa0/1,84.3,30.7,2,2
2026-04-10T00:02:06Z,fw2,eth0,5.7,69.4,2,2
2026-05-17T10:28:39Z,fw2,eth0,16.1,11.7,1,2
2026-05-22T22:44:06Z,fw2,fa0/0,22.8,89.1,2,2
2026-05-27T00:13:24Z,fw2,gi0/1,3.3,38.2,2,2
2026-07-09T06:51:49Z,fw2,eth1,92.2,55.2,2,2
2026-06-13T02:07:52Z,fw2,eth1,65.7,99.5,1,1
2026-05-08T03:48:52Z,fw2,fa0/1,39.9,1.4,1,2
2026-04-28T19:42:25Z,fw2,gi0/1,86.1,98.7,2,1
2026-06-07T12:08:18Z,fw2,eth1,35.9,81.7,1,2
2026-04-19T18:41:26Z,fw2,eth1,24.3,11.7,2,1
2026-05-22T11:04:35Z,fw2,fa0/0,23.4,61.6,1,1
2026-06-18T14:09:33Z,fw2,eth1,55.8,52.0,1,1
2026-05-04T18:38:16Z,fw2,gi0/1,72.3,65.8,1,1
2026-05-25T14:43:49Z,fw2,fa0/1,65.6,38.7,1,2
2026-07-01T04:05:14Z,fw2,fa0/0,32.2,47.9,1,1
2026-04-26T00:36:02Z,fw2,fa0/1,53.3,98.5,1,1
2026-04-07T13:22:31Z,fw2,fa0/0,37.5,34.0,2,2
2026-04-09T02:15:04Z,fw2,fa0/0,65.3,56.0,1,1
2026-06-23T07:01:49Z,fw2,eth1,75.1,38.9,2,1
2026-05-02T04:35:25Z,fw2,gi0/1,93.2,89.7,1,2
2026-06-18T10:17:12Z,fw2,gi0/2,3.1,83.1,1,1
2026-07-15T22:58:16Z,fw2,fa0/0,95.5,99.1,1,2
2026-06-03T18:12:06Z,fw2,fa0/0,14.2,63.3,2,1
2026-06-19T23:57:35Z,fw2,eth0,64.5,13.1,2,1
2026-05-10T19:29:07Z,fw2,gi0/1,31.5,21.0,1,1
2026-04-07T03:08:38Z,fw2,eth1,39.8,86.2,2,2
2026-07-05T18:14:43Z,fw2,fa0/0,75.9,51.8,1,1
2026-06-14T15:55:11Z,fw2,eth1,46.3,62.2,1,2
2026-07-13T16:46:36Z,fw2,fa0/0,83.3,24.4,1,1
2026-06-29T02:14:36Z,fw2,gi0/1,63.3,23.6,1,1
2026-05-28T11:05:31Z,fw2,gi0/1,0.3,77.3,2,1
2026-04-08T21:49:22Z,ap1,fa0/1,99.0,11.0,2,1
2026-05-05T00:40:45Z,ap1,gi0/2,57.6,38.0,1,2
2026-04-30T23:30:02Z,ap1,fa0/0,58.6,5.7,2,1
2026-06-09T03:47:11Z,ap1,gi0/1,95.2,84.7,1,1
2026-07-10T12:20:53Z,ap1,eth1,57.3,76.2,1,2
2026-06-17T20:15:41Z,ap1,gi0/2,31.7,51.6,1,2
2026-04-06T08:36:10Z,ap1,gi0/1,58.8,6.3,1,2
2026-05-14T16:41:58Z,ap1,fa0/1,37.0,27.7,1,1
2026-05-11T18:53:00Z,ap1,eth0,38.4,18.7,1,2
2026-06-21T05:33:12Z,ap1,eth1,52.0,53.5,2,2
2026-06-21T00:15:36Z,ap1,fa0/1,52.7,30.9,2,2
2026-04-22T15:15:53Z,ap1,fa0/1,35.2,69.9,1,2
2026-04-16T06:53:06Z,ap1,eth0,52.5,98.5,1,2
2026-04-18T03:15:10Z,ap1,gi0/2,49.6,37.8,1,1
2026-04-10T03:18:38Z,ap1,fa0/1,61.6,23.5,1,1
2026-07-15T10:30:53Z,ap1,fa0/1,16.7,0.9,2,2
2026-05-29T05:21:22Z,ap1,fa0/1,64.2,41.1,2,2
2026-05-22T15:50:34Z,ap1,gi0/2,37.4,0.2,1,1
2026-04-06T13:42:18Z,ap1,gi0/2,76.6,56.6,1,1
2026-07-08T17:39:09Z,ap1,gi0/2,53.1,62.1,1,2
2026-06-16T17:07:08Z,ap1,eth1,40.4,47.0,2,1
2026-04-12T23:23:18Z,ap1,gi0/2,39.8,10.8,1,2
2026-07-15T06:54:36Z,ap1,eth0,70.7,33.2,2,1
2026-05-17T12:00:39Z,ap1,gi0/2,41.0,83.6,2,2
2026-07-10T17:28:53Z,ap1,fa0/0,15.5,46.2,1,2
2026-04-29T00:55:30Z,ap1,fa0/1,5.1,2.1,2,1
2026-05-28T23:56:14Z,ap1,fa0/1,80.7,39.7,2,1
2026-04-08T10:18:30Z,ap1,eth0,21.7,11.9,1,2
2026-07-12T15:01:09Z,ap1,fa0/1,48.5,47.6,2,2
2026-05-20T02:23:45Z,ap1,gi0/2,27.9,95.8,2,2
2026-05-03T18:51:14Z,ap1,gi0/1,5.6,18.6,1,2
2026-04-23T05:06:17Z,ap1,gi0/1,84.6,87.4,1,1
2026-05-15T00:11:56Z,ap1,fa0/1,57.5,49.5,1,2
2026-05-07T08:32:55Z,ap1,fa0/1,28.4,40.3,2,1
2026-07-01T18:46:08Z,ap1,eth1,82.0,96.9,1,1
2026-07-08T06:47:37Z,ap1,eth1,86.4,97.7,2,1
2026-06-02T19:25:03Z,ap1,gi0/2,18.3,81.0,2,1
2026-06-21T22:45:24Z,ap1,gi0/1,73.9,66.6,2,1
2026-07-13T11:47:46Z,ap1,fa0/1,37.1,41.5,2,1
2026-05-08T11:29:28Z,ap1,gi0/2,66.6,34.5,2,2
2026-07-07T11:27:44Z,ap1,gi0/1,98.4,33.5,2,1
2026-07-02T22:50:48Z,ap1,fa0/1,5.1,16.2,1,1
2026-04-27T11:54:02Z,ap1,fa0/1,79.8,60.1,1,1
2026-05-13T15:11:55Z,ap1,eth0,2.4,69.8,2,2
2026-06-17T10:01:17Z,ap1,eth0,35.1,30.1,2,2
2026-05-03T17:22:11Z,ap1,eth1,54.6,39.3,2,1
2026-07-14T04:02:13Z,ap1,gi0/1,77.7,72.9,2,1
2026-07-09T21:03:00Z,ap1,eth1,38.7,67.1,2,1
2026-05-01T06:41:23Z,ap1,gi0/1,52.0,68.5,1,1
2026-04-13T12:40:46Z,ap1,gi0/2,51.9,69.4,2,2
2026-04-11T03:18:03Z,ap2,eth1,89.6,79.0,1,1
2026-07-02T03:24:30Z,ap2,fa0/1,97.4,36.2,2,1
2026-05-02T14:15:52Z,ap2,eth0,4.5,75.5,2,2
2026-04-30T23:12:37Z,ap2,fa0/0,89.1,42.0,1,2
2026-07-06T00:02:14Z,ap2,fa0/0,42.0,50.7,1,2
2026-06-22T21:52:38Z,ap2,gi0/1,91.4,82.6,2,1
2026-07-08T15:16:02Z,ap2,fa0/1,38.9,49.2,1,1
2026-04-08T09:24:16Z,ap2,gi0/2,40.4,64.5,2,1
2026-04-21T22:32:29Z,ap2,eth0,51.2,98.6,2,1
2026-07-14T01:00:38Z,ap2,eth0,21.6,22.1,2,1
2026-07-02T21:04:34Z,ap2,gi0/1,63.4,58.4,2,2
2026-04-06T23:02:16Z,ap2,eth0,42.1,90.7,1,1
2026-07-04T10:25:05Z,ap2,gi0/2,58.7,98.9,1,2
2026-05-15T17:04:36Z,ap2,fa0/0,35.8,52.4,1,1
2026-05-15T02:46:25Z,ap2,gi0/2,23.6,45.1,2,1
2026-06-15T19:24:10Z,ap2,eth1,50.7,90.2,1,2
2026-05-14T09:00:04Z,ap2,gi0/2,45.7,6.6,1,2
2026-05-29T15:28:50Z,ap2,fa0/0,87.7,21.5,1,2
2026-07-14T19:37:14Z,ap2,gi0/2,0.2,96.8,2,1
2026-06-02T23:16:03Z,ap2,fa0/0,34.7,60.7,1,1
2026-07-08T18:47:13Z,ap2,fa0/1,75.1,63.0,2,2
2026-06-22T09:30:40Z,ap2,gi0/2,78.1,81.3,2,2
2026-05-13T00:08:25Z,ap2,fa0/0,66.6,66.2,2,1
2026-04-24T12:49:03Z,ap2,fa0/1,35.5,80.3,1,1
2026-05-11T01:06:48Z,ap2,gi0/1,8.7,62.0,1,2
2026-06-25T04:03:31Z,ap2,eth1,0.1,60.3,1,2
2026-04-07T11:42:35Z,ap2,fa0/0,73.3,92.8,1,1
2026-05-26T13:01:53Z,ap2,eth0,74.9,91.3,2,1
2026-07-04T00:29:31Z,ap2,fa0/1,8.9,45.6,2,1
2026-05-09T09:09:23Z,ap2,eth1,12.2,45.1,2,2
2026-07-10T21:14:09Z,ap2,eth0,0.5,1.0,1,1
2026-06-02T23:05:27Z,ap2,eth1,40.5,72.5,2,1
2026-06-21T17:27:37Z,ap2,gi0/2,87.0,12.7,2,1
2026-05-23T23:50:23Z,ap2,gi0/1,11.9,14.9,2,1
2026-05-19T03:37:44Z,ap2,eth1,34.4,34.5,2,1
2026-06-21T14:52:43Z,ap2,fa0/1,56.9,28.9,2,1
2026-06-02T20:31:02Z,ap2,gi0/2,66.8,49.2,1,1
2026-04-06T19:35:50Z,ap2,eth1,12.7,69.9,1,1
2026-04-12T22:45:45Z,ap2,gi0/2,16.6,33.1,2,1
2026-05-18T10:17:03Z,ap2,fa0/1,91.2,19.4,1,1
2026-06-24T09:11:40Z,ap2,gi0/2,76.7,39.9,1,2
2026-06-27T06:31:55Z,ap2,gi0/2,33.6,52.9,1,2
2026-06-07T00:15:28Z,ap2,fa0/1,77.4,72.1,1,1
2026-04-13T14:29:36Z,ap2,fa0/1,1.8,86.0,2,1
2026-06-22T08:27:17Z,ap2,fa0/0,89.0,62.5,1,2
2026-06-10T04:58:17Z,ap2,eth1,19.2,4.9,1,2
2026-05-05T22:46:37Z,ap2,eth0,10.9,19.0,2,1
2026-06-04T10:44:58Z,ap2,fa0/1,72.9,8.6,2,1
2026-05-25T02:37:58Z,ap2,fa0/0,97.3,27.5,1,1
2026-05-26T05:53:35Z,ap2,gi0/2,16.3,16.4,2,1
2026-05-01T15:42:25Z,ap3,gi0/1,13.0,96.1,1,2
2026-05-24T11:08:28Z,ap3,eth1,28.5,14.4,1,2
2026-04-30T12:41:56Z,ap3,fa0/0,78.6,57.6,1,1
2026-06-30T09:22:12Z,ap3,gi0/2,28.9,44.5,2,2
2026-06-01T11:04:38Z,ap3,gi0/1,31.6,81.5,1,2
2026-06-09T17:46:07Z,ap3,fa0/1,99.0,40.1,2,1
2026-06-17T11:38:59Z,ap3,gi0/1,34.9,25.9,2,2
2026-04-30T01:25:25Z,ap3,eth1,39.6,48.8,2,1
2026-04-27T06:59:31Z,ap3,eth0,80.3,81.6,2,2
2026-06-22T14:19:27Z,ap3,fa0/1,47.3,61.7,2,1
2026-05-09T19:32:31Z,ap3,gi0/1,34.7,29.2,1,2
2026-05-04T05:19:53Z,ap3,gi0/1,15.4,26.5,1,2
2026-05-15T13:16:38Z,ap3,gi0/2,36.6,47.8,1,2
2026-07-02T05:57:38Z,ap3,eth0,55.0,65.5,2,2
2026-07-10T18:39:09Z,ap3,eth0,90.5,81.5,1,2
2026-07-02T21:22:36Z,ap3,fa0/1,70.3,95.8,1,1
2026-06-20T07:15:09Z,ap3,eth0,64.0,25.6,1,2
2026-05-11T17:20:26Z,ap3,eth0,20.8,30.5,2,2
2026-06-23T20:39:00Z,ap3,gi0/1,17.4,84.8,1,1
2026-05-13T08:24:26Z,ap3,gi0/2,75.4,89.9,1,1
2026-04-18T14:50:50Z,ap3,eth0,38.7,75.4,2,2
2026-05-25T11:22:37Z,ap3,gi0/2,34.8,98.9,2,1
2026-07-03T16:53:58Z,ap3,eth1,42.6,40.7,1,2
2026-04-09T00:07:33Z,ap3,gi0/2,79.2,17.2,1,1
2026-05-27T22:59:50Z,ap3,fa0/0,95.8,6.8,1,1
2026-06-15T23:22:59Z,ap3,gi0/1,32.0,99.0,1,2
2026-05-23T17:48:14Z,ap3,eth0,78.9,53.6,2,2
2026-06-27T22:51:38Z,ap3,gi0/1,8.4,17.5,2,2
2026-04-20T14:23:13Z,ap3,fa0/1,62.6,26.8,1,1
2026-04-06T11:23:49Z,ap3,gi0/2,39.9,40.3,2,2
2026-04-19T18:00:58Z,ap3,gi0/1,75.9,2.7,2,2
2026-06-09T14:05:43Z,ap3,gi0/1,16.7,28.4,1,1
2026-06-12T09:41:36Z,ap3,eth0,75.1,74.3,2,2
2026-04-10T19:28:31Z,ap3,fa0/1,96.1,47.6,2,1
2026-04-29T06:33:37Z,ap3,fa0/0,78.5,25.6,2,2
2026-05-16T04:17:41Z,ap3,fa0/1,32.5,11.1,1,1
2026-05-01T15:43:29Z,ap3,gi0/2,48.0,27.1,2,1
2026-04-30T13:51:23Z,ap3,eth1,41.0,19.1,1,1
2026-06-02T17:55:49Z,ap3,eth1,58.7,59.0,2,1
2026-05-02T12:37:39Z,ap3,eth0,58.3,80.3,2,1
2026-07-04T05:00:43Z,ap3,eth0,43.1,77.1,1,1
2026-06-06T12:06:17Z,ap3,fa0/1,56.3,74.4,2,2
2026-04-16T20:48:22Z,ap3,gi0/1,28.6,19.0,1,2
2026-06-24T17:20:25Z,ap3,gi0/1,28.4,32.4,1,2
2026-04-24T22:22:27Z,ap3,gi0/1,42.5,39.1,1,1
2026-06-27T21:15:00Z,ap3,fa0/0,63.7,50.3,1,1
2026-06-08T06:50:53Z,ap3,eth1,29.3,11.1,2,2
2026-07-05T23:18:24Z,ap3,gi0/2,98.3,40.6,1,2
2026-05-03T18:25:26Z,ap3,eth1,23.5,12.7,1,2
2026-07-07T06:39:15Z,ap3,eth0,70.8,88.6,1,2
2026-05-06T02:17:10Z,lb1,fa0/0,63.4,55.8,2,2
2026-05-26T05:43:30Z,lb1,gi0/2,20.4,57.3,1,1
2026-06-22T14:03:33Z,lb1,eth1,54.6,45.7,1,1
2026-06-16T20:10:22Z,lb1,fa0/1,15.4,61.0,1,1
2026-05-02T06:53:36Z,lb1,eth1,58.8,59.8,1,1
2026-07-10T18:38:51Z,lb1,gi0/2,73.2,47.9,2,1
2026-05-23T20:47:49Z,lb1,gi0/1,20.1,25.7,1,1
2026-05-18T20:44:11Z,lb1,fa0/1,44.1,74.3,2,2
2026-05-31T08:16:54Z,lb1,gi0/1,99.3,86.0,2,2
2026-06-07T03:55:04Z,lb1,fa0/1,91.6,6.5,2,1
2026-04-26T03:21:31Z,lb1,fa0/1,19.5,88.8,1,1
2026-07-02T04:16:36Z,lb1,fa0/0,4.4,23.4,1,2
2026-05-20T19:01:18Z,lb1,eth1,4.3,44.1,2,2
2026-04-13T12:40:28Z,lb1,fa0/0,47.8,24.9,2,1
2026-05-31T11:13:57Z,lb1,gi0/1,23.0,0.3,2,2
2026-07-02T00:39:28Z,lb1,gi0/2,25.4,71.2,2,1
2026-04-13T04:56:53Z,lb1,gi0/1,44.7,79.7,2,1
2026-06-11T15:20:56Z,lb1,gi0/2,76.3,90.1,2,2
2026-07-05T04:41:35Z,lb1,eth1,50.5,2.6,1,2
2026-04-14T21:40:17Z,lb1,fa0/1,95.5,9.0,1,2
2026-05-24T21:58:12Z,lb1,gi0/2,66.1,15.6,2,2
2026-05-13T09:41:19Z,lb1,eth1,76.9,44.0,2,1
2026-06-14T21:13:42Z,lb1,eth0,56.1,51.5,2,2
2026-07-13T11:40:28Z,lb1,fa0/0,2.3,2.3,1,2
2026-04-06T13:23:59Z,lb1,eth0,70.0,3.2,1,1
2026-06-02T14:36:02Z,lb1,fa0/0,28.2,90.7,1,2
2026-06-18T20:20:36Z,lb1,eth0,40.7,36.5,1,1
2026-04-30T17:45:27Z,lb1,fa0/0,79.9,58.9,1,1
2026-06-15T10:23:09Z,lb1,eth0,87.9,30.5,2,2
2026-05-15T23:50:02Z,lb1,gi0/1,67.0,90.1,2,1
2026-07-08T19:28:09Z,lb1,fa0/0,5.6,13.9,2,1
2026-06-01T18:44:33Z,lb1,gi0/1,82.2,80.8,1,1
2026-06-04T11:54:44Z,lb1,eth0,83.5,54.1,2,1
2026-04-20T15:03:32Z,lb1,gi0/2,16.3,81.6,2,1
2026-04-15T18:15:32Z,lb1,fa0/0,82.1,47.4,2,2
2026-05-23T11:33:40Z,lb1,eth0,14.5,42.1,1,1
2026-06-22T03:04:39Z,lb1,fa0/0,99.0,47.9,2,1
2026-06-13T13:05:28Z,lb1,fa0/0,5.4,1.8,2,1
2026-06-08T12:42:07Z,lb1,eth0,68.9,74.7,2,2
2026-04-21T17:21:11Z,lb1,eth1,14.1,96.2,2,2
2026-05-12T20:30:11Z,lb1,gi0/1,54.9,73.6,2,2
2026-05-19T07:34:48Z,lb1,gi0/2,11.8,79.2,2,1
2026-05-29T17:31:31Z,lb1,gi0/2,63.4,90.9,1,1
2026-04-26T03:30:13Z,lb1,fa0/1,92.2,20.8,2,1
2026-06-22T18:45:42Z,lb1,fa0/0,60.2,51.4,2,2
2026-04-21T11:10:04Z,lb1,gi0/1,8.0,53.0,2,1
2026-04-13T16:06:57Z,lb1,fa0/1,95.9,82.2,2,1
2026-05-15T04:34:42Z,lb1,fa0/0,24.1,76.9,2,1
2026-04-23T00:44:00Z,lb1,gi0/1,72.9,57.3,2,1
2026-07-11T10:11:25Z,lb1,gi0/2,80.8,91.2,1,1
2026-07-07T05:28:05Z,lb2,fa0/0,24.5,6.3,1,2
2026-06-04T16:26:03Z,lb2,eth0,61.8,25.5,1,1
2026-05-05T04:03:26Z,lb2,eth1,6.9,34.6,2,2
2026-06-29T17:06:48Z,lb2,eth0,42.7,90.5,2,2
2026-05-11T22:33:19Z,lb2,gi0/1,63.5,96.3,1,2
2026-04-26T09:55:08Z,lb2,eth1,80.6,61.4,2,1
2026-04-11T01:23:09Z,lb2,eth1,16.8,16.0,2,1
2026-06-16T17:42:36Z,lb2,fa0/0,44.3,59.2,1,2
2026-04-17T12:59:30Z,lb2,eth0,25.3,79.3,1,2
2026-06-27T13:19:21Z,lb2,gi0/1,27.8,72.3,2,2
2026-07-16T03:57:33Z,lb2,eth0,68.1,9.7,1,1
2026-06-14T16:48:38Z,lb2,gi0/2,77.9,71.1,2,2
2026-05-11T19:32:52Z,lb2,fa0/0,20.2,77.2,1,2
2026-05-10T17:55:50Z,lb2,eth0,5.2,89.9,2,2
2026-06-28T22:55:37Z,lb2,fa0/0,15.6,42.4,2,2
2026-04-30T19:33:38Z,lb2,eth1,0.2,18.7,2,2
2026-04-11T23:31:33Z,lb2,fa0/0,92.3,90.4,1,2
2026-05-29T15:50:39Z,lb2,eth0,86.3,41.2,1,1
2026-04-25T09:38:40Z,lb2,eth0,42.9,74.9,2,2
2026-04-30T00:57:35Z,lb2,eth0,93.1,7.6,1,1
2026-06-15T15:04:20Z,lb2,eth0,70.2,7.8,1,1
2026-05-27T21:53:25Z,lb2,eth0,29.0,98.6,2,2
2026-06-20T18:51:26Z,lb2,gi0/2,98.5,16.8,2,2
2026-04-26T14:53:41Z,lb2,gi0/1,39.8,42.1,2,1
2026-07-03T17:40:08Z,lb2,gi0/2,61.8,85.1,1,1
2026-07-14T03:03:39Z,lb2,gi0/2,63.1,37.3,2,1
2026-04-07T17:04:02Z,lb2,fa0/0,60.8,20.4,2,1
2026-06-15T01:44:09Z,lb2,gi0/1,49.7,31.8,1,2
2026-06-24T22:19:51Z,lb2,gi0/1,33.7,25.4,1,1
2026-06-23T02:29:50Z,lb2,gi0/2,26.0,21.2,1,2
2026-04-09T17:29:08Z,lb2,eth0,25.9,86.9,1,1
2026-06-21T05:14:56Z,lb2,fa0/1,92.7,6.1,1,2
2026-06-28T20:32:36Z,lb2,gi0/2,92.4,41.6,1,1
2026-06-16T16:18:37Z,lb2,eth1,74.3,33.2,2,2
2026-04-27T10:57:47Z,lb2,eth0,60.8,53.9,2,2
2026-06-05T10:08:15Z,lb2,fa0/1,19.4,82.8,1,2
2026-06-12T04:01:24Z,lb2,gi0/1,78.2,41.4,1,1
2026-05-03T10:29:12Z,lb2,eth0,60.8,97.9,2,2
2026-07-06T23:34:17Z,lb2,gi0/1,77.3,94.6,2,1
2026-04-16T14:34:47Z,lb2,eth1,95.7,81.3,2,1
2026-04-30T09:41:17Z,lb2,eth1,21.6,76.4,1,2
2026-04-16T14:03:18Z,lb2,gi0/1,91.6,20.3,1,2
2026-07-05T08:44:11Z,lb2,eth0,38.0,87.9,2,1
2026-06-14T09:44:00Z,lb2,fa0/1,76.0,2.7,2,1
2026-05-01T04:14:01Z,lb2,eth1,65.0,76.0,1,1
2026-05-15T11:25:50Z,lb2,gi0/2,80.3,52.4,2,1
2026-05-18T19:35:23Z,lb2,eth0,9.2,95.2,2,2
2026-04-22T14:34:40Z,lb2,gi0/1,65.7,62.9,1,1
2026-06-28T00:21:16Z,lb2,eth0,30.0,23.1,2,1
2026-07-06T14:19:03Z,lb2,gi0/2,45.7,41.7,1,2
2026-06-15T15:46:27Z,router-a,eth0,98.2,39.1,2,1
2026-04-16T01:08:20Z,router-a,fa0/0,30.2,83.0,1,2
2026-05-05T18:54:37Z,router-a,fa0/1,82.3,20.1,2,2
2026-06-20T15:13:46Z,router-a,fa0/0,20.6,16.6,2,1
2026-07-14T05:27:55Z,router-a,gi0/2,76.6,83.9,2,1
2026-04-12T05:00:32Z,router-a,eth0,35.7,51.0,2,1
2026-05-14T15:58:55Z,router-a,gi0/2,45.1,68.9,1,2
2026-04-06T11:48:27Z,router-a,gi0/1,2.5,65.7,1,1
2026-05-21T23:42:30Z,router-a,fa0/1,21.8,30.9,2,2
2026-05-28T03:13:05Z,router-a,fa0/1,49.2,95.3,1,2
2026-06-01T09:17:51Z,router-a,fa0/0,86.4,75.4,1,2
2026-04-20T15:16:42Z,router-a,eth1,35.7,32.3,1,1
2026-06-11T13:04:31Z,router-a,fa0/1,40.8,86.6,2,2
2026-06-28T00:49:25Z,router-a,eth1,1.8,36.7,2,1
2026-04-26T06:01:47Z,router-a,eth0,13.2,32.7,2,2
2026-04-07T01:06:58Z,router-a,eth1,86.4,33.2,1,2
2026-06-25T14:09:15Z,router-a,fa0/1,80.0,28.4,1,2
2026-04-07T15:31:00Z,router-a,gi0/2,73.4,24.7,1,2
2026-06-23T16:09:34Z,router-a,eth0,91.3,98.5,2,2
2026-04-07T10:36:59Z,router-a,gi0/2,2.8,24.2,2,1
2026-07-02T13:38:25Z,router-a,fa0/0,57.5,39.4,1,1
2026-05-27T15:59:57Z,router-a,eth1,67.6,26.0,2,2
2026-07-13T13:39:42Z,router-a,fa0/1,95.8,41.9,2,1
2026-04-25T17:34:57Z,router-a,eth0,76.8,58.7,2,2
2026-04-19T11:31:58Z,router-a,eth0,38.4,91.3,1,2
2026-06-26T10:09:13Z,router-a,gi0/1,97.3,18.8,1,2
2026-06-22T07:25:48Z,router-a,eth0,3.2,35.7,1,2
2026-04-06T07:03:32Z,router-a,fa0/0,54.7,83.6,2,1
2026-06-28T07:06:09Z,router-a,eth1,71.7,46.9,1,2
2026-04-27T23:27:08Z,router-a,fa0/1,2.3,16.3,1,2
2026-04-08T03:30:03Z,router-a,gi0/1,51.5,70.4,2,2
2026-05-25T11:00:41Z,router-a,eth1,68.0,13.9,1,2
2026-07-15T03:52:18Z,router-a,fa0/0,43.1,11.3,1,1
2026-05-20T07:01:36Z,router-a,eth1,55.8,14.2,2,2
2026-04-06T19:12:39Z,router-a,fa0/0,76.2,83.5,2,1
2026-06-03T10:17:01Z,router-a,gi0/1,88.0,64.3,1,1
2026-05-21T06:12:07Z,router-a,eth1,85.8,47.5,1,2
2026-07-05T09:05:59Z,router-a,gi0/1,12.1,80.6,1,1
2026-05-07T08:38:47Z,router-a,eth0,95.5,70.2,1,2
2026-06-21T19:58:09Z,router-a,eth1,45.2,87.1,1,1
2026-05-06T04:49:21Z,router-a,eth1,66.1,10.0,1,1
2026-06-22T17:39:10Z,router-a,gi0/1,53.0,38.0,2,2
2026-07-04T22:58:43Z,router-a,eth0,31.5,72.6,2,2
2026-07-08T03:19:01Z,router-a,fa0/1,89.1,11.4,2,2
2026-04-12T23:55:01Z,router-a,gi0/1,55.9,12.3,1,1
2026-04-30T20:07:24Z,router-a,gi0/2,4.4,65.2,2,1
2026-05-06T14:15:09Z,router-a,eth1,68.9,79.8,2,1
2026-05-18T12:41:33Z,router-a,gi0/2,26.6,72.8,1,2
2026-05-15T17:51:53Z,router-a,gi0/1,67.4,60.9,2,2
2026-05-07T16:35:42Z,router-a,eth1,82.3,26.5,1,1
2026-06-05T10:26:50Z,router-b,eth1,61.9,86.5,2,2
2026-05-03T07:14:47Z,router-b,gi0/2,17.3,61.5,1,2
2026-06-13T05:24:36Z,router-b,fa0/0,95.4,25.4,2,1
2026-05-20T03:17:34Z,router-b,eth0,8.6,79.4,2,2
2026-07-03T00:58:11Z,router-b,eth1,98.3,58.9,1,2
2026-07-01T22:37:57Z,router-b,fa0/0,55.3,79.7,1,1
2026-07-02T12:03:44Z,router-b,gi0/2,3.2,92.0,1,1
2026-05-27T08:37:55Z,router-b,eth0,89.7,42.6,1,1
2026-06-27T05:42:18Z,router-b,gi0/2,59.4,25.8,1,2
2026-05-17T21:50:47Z,router-b,eth1,26.3,68.5,2,2
2026-07-03T08:25:28Z,router-b,fa0/0,82.7,62.1,1,2
2026-06-22T08:28:50Z,router-b,eth0,0.5,10.6,2,2
2026-06-07T20:27:36Z,router-b,fa0/0,33.3,49.9,2,2
2026-04-23T05:18:28Z,router-b,gi0/1,2.8,15.1,2,1
2026-06-14T20:16:56Z,router-b,fa0/1,27.7,68.5,1,1
2026-06-21T19:05:07Z,router-b,fa0/0,38.3,35.8,2,1
2026-05-04T03:36:17Z,router-b,eth1,33.6,66.8,1,1
2026-05-02T16:10:06Z,router-b,gi0/1,85.8,49.7,1,2
2026-07-05T21:38:08Z,router-b,eth0,39.8,71.5,1,2
2026-05-28T23:12:29Z,router-b,eth1,82.6,93.6,1,1
2026-07-13T02:38:02Z,router-b,eth1,32.9,4.1,1,1
2026-04-23T11:48:34Z,router-b,gi0/1,93.5,66.4,1,2
2026-04-19T16:47:32Z,router-b,gi0/2,89.1,95.2,2,2
2026-04-25T12:50:15Z,router-b,eth0,2.4,0.8,2,2
2026-06-30T14:09:39Z,router-b,gi0/2,76.3,59.7,1,2
2026-07-01T22:03:46Z,router-b,eth1,2.2,29.0,1,2
2026-06-02T00:31:02Z,router-b,eth0,28.8,61.8,1,1
2026-06-21T02:39:17Z,router-b,eth0,87.4,82.0,1,2
2026-06-07T02:34:51Z,router-b,eth0,71.0,26.8,2,1
2026-04-16T22:21:45Z,router-b,fa0/1,37.1,98.3,1,2
2026-04-28T00:33:32Z,router-b,eth0,18.4,86.8,2,1
2026-05-08T12:26:06Z,router-b,fa0/1,68.1,25.2,2,1
2026-06-28T18:52:08Z,router-b,gi0/1,64.0,8.2,1,1
2026-06-20T19:59:46Z,router-b,gi0/2,32.1,18.2,1,1
2026-06-16T11:45:43Z,router-b,fa0/1,94.6,84.3,1,2
2026-04-19T13:18:38Z,router-b,eth0,27.1,66.9,1,2
2026-07-08T10:56:05Z,router-b,gi0/2,21.2,12.9,2,2
2026-07-16T01:41:49Z,router-b,fa0/0,62.2,85.3,1,1
2026-06-09T23:07:47Z,router-b,fa0/0,96.3,89.0,1,2
2026-07-04T06:15:30Z,router-b,eth1,60.5,76.7,1,2
2026-06-02T05:24:11Z,router-b,eth0,57.1,57.4,1,2
2026-05-20T21:27:48Z,router-b,eth1,52.9,55.8,2,1
2026-06-08T22:12:16Z,router-b,eth1,3.3,41.6,2,1
2026-04-22T23:26:57Z,router-b,eth0,11.6,77.4,1,2
2026-06-29T01:23:45Z,router-b,eth1,91.2,62.8,1,1
2026-05-16T13:50:39Z,router-b,eth1,85.9,76.4,2,1
2026-06-09T05:39:26Z,router-b,fa0/0,12.8,69.0,1,2
2026-04-29T21:56:53Z,router-b,gi0/1,15.2,77.3,1,2
2026-05-11T12:59:54Z,router-b,eth0,47.9,87.0,1,2
2026-06-22T05:51:59Z,router-b,eth1,84.6,55.9,2,2
2026-05-25T21:05:41Z,switch-prod,eth0,76.0,9.1,1,1
2026-07-12T21:56:22Z,switch-prod,gi0/1,24.4,90.1,2,2
2026-05-17T08:45:53Z,switch-prod,eth0,54.0,21.9,2,2
2026-04-15T22:50:42Z,switch-prod,fa0/1,14.6,60.9,2,2
2026-05-13T08:04:52Z,switch-prod,eth0,98.0,92.3,2,1
2026-05-28T00:49:03Z,switch-prod,gi0/1,83.8,27.8,1,2
2026-06-14T05:22:46Z,switch-prod,gi0/2,56.7,75.1,1,2
2026-04-25T02:47:55Z,switch-prod,gi0/1,88.5,95.0,1,1
2026-05-28T20:44:36Z,switch-prod,gi0/2,53.2,56.0,2,1
2026-06-28T10:44:23Z,switch-prod,eth0,12.8,5.2,1,2
2026-06-05T05:13:13Z,switch-prod,gi0/2,1.7,45.9,2,2
2026-04-14T15:41:28Z,switch-prod,fa0/1,11.6,0.4,2,2
2026-06-23T06:53:49Z,switch-prod,eth1,50.1,34.6,2,2
2026-05-05T19:08:30Z,switch-prod,fa0/0,21.4,66.6,1,1
2026-04-10T23:01:02Z,switch-prod,eth1,56.9,23.4,1,2
2026-05-15T22:21:10Z,switch-prod,eth1,27.4,71.6,2,2
2026-04-23T00:25:41Z,switch-prod,eth1,87.5,35.6,2,2
2026-07-03T22:55:51Z,switch-prod,eth1,32.1,98.3,2,2
2026-06-29T17:00:43Z,switch-prod,fa0/0,51.8,34.9,2,1
2026-05-03T01:19:54Z,switch-prod,fa0/1,13.4,51.2,2,2
2026-05-14T22:03:51Z,switch-prod,fa0/0,20.1,52.7,1,2
2026-06-19T22:58:57Z,switch-prod,eth0,70.7,57.3,2,2
2026-06-03T20:44:52Z,switch-prod,gi0/1,48.2,26.3,1,2
2026-05-09T21:13:50Z,switch-prod,gi0/1,19.4,96.5,1,1
2026-04-14T18:25:49Z,switch-prod,gi0/2,55.8,40.2,1,1
2026-04-29T04:46:38Z,switch-prod,eth1,28.3,70.4,2,1
2026-05-03T15:16:20Z,switch-prod,gi0/1,53.2,59.0,2,1
2026-06-09T17:48:01Z,switch-prod,fa0/1,28.3,62.8,2,1
2026-06-03T15:50:56Z,switch-prod,gi0/2,77.7,16.3,1,1
2026-06-30T14:09:28Z,switch-prod,gi0/2,18.5,71.0,2,2
2026-06-12T04:50:53Z,switch-prod,eth0,48.2,48.0,2,2
2026-06-27T18:24:16Z,switch-prod,eth0,2.6,45.7,2,1
2026-06-08T00:45:33Z,switch-prod,fa0/1,53.5,45.5,2,2
2026-04-19T09:04:18Z,switch-prod,eth0,75.0,67.3,1,2
2026-05-29T07:38:32Z,switch-prod,eth0,59.3,72.5,2,1
2026-05-14T12:35:52Z,switch-prod,eth1,21.6,25.6,1,2
2026-06-13T00:35:58Z,switch-prod,eth1,77.9,31.3,1,2
2026-05-12T22:29:50Z,switch-prod,eth0,96.3,25.0,1,1
2026-07-06T02:45:03Z,switch-prod,eth0,43.1,92.0,2,2
2026-04-17T21:04:49Z,switch-prod,gi0/2,23.0,54.3,2,1
2026-06-20T05:23:32Z,switch-prod,fa0/1,6.1,22.8,1,2
2026-07-03T01:10:20Z,switch-prod,fa0/0,8.8,64.9,2,2
2026-07-06T17:16:22Z,switch-prod,fa0/1,23.4,19.4,2,1
2026-05-12T07:12:42Z,switch-prod,fa0/0,32.7,27.4,2,2
2026-05-17T02:29:36Z,switch-prod,eth0,67.0,7.1,2,1
2026-06-25T14:54:38Z,switch-prod,eth1,19.8,84.5,2,2
2026-06-16T09:50:28Z,switch-prod,eth0,1.0,91.7,2,1
2026-05-11T12:11:48Z,switch-prod,eth1,9.8,20.3,1,2
2026-06-08T01:02:20Z,switch-prod,gi0/1,35.2,83.6,2,1
2026-05-13T22:17:23Z,switch-prod,eth1,86.6,93.9,2,2
2026-05-21T00:54:12Z,switch-dr,fa0/1,33.7,69.3,2,1
2026-05-31T12:13:48Z,switch-dr,fa0/0,79.1,66.2,1,2
2026-04-24T11:55:50Z,switch-dr,fa0/1,57.0,54.8,2,1
2026-05-03T13:36:55Z,switch-dr,fa0/0,72.1,55.2,2,2
2026-06-13T01:09:59Z,switch-dr,eth1,33.6,66.2,1,2
2026-05-16T04:56:05Z,switch-dr,fa0/1,48.5,71.6,2,2
2026-07-07T06:27:06Z,switch-dr,eth1,70.2,77.1,2,2
2026-06-08T09:29:08Z,switch-dr,fa0/0,52.9,72.5,1,2
2026-05-12T12:25:52Z,switch-dr,eth1,47.7,5.3,1,2
2026-04-23T05:33:10Z,switch-dr,eth0,29.6,43.1,1,1
2026-06-26T06:17:46Z,switch-dr,eth0,42.7,13.4,1,2
2026-05-24T03:12:54Z,switch-dr,gi0/2,99.1,86.5,2,1
2026-05-21T02:46:58Z,switch-dr,gi0/2,72.2,20.6,2,2
2026-06-19T16:05:09Z,switch-dr,eth1,93.3,63.3,1,2
2026-07-16T03:17:52Z,switch-dr,eth0,58.1,96.7,2,1
2026-06-24T00:55:06Z,switch-dr,eth0,43.9,60.3,2,1
2026-04-11T23:38:03Z,switch-dr,eth0,61.2,72.7,2,1
2026-07-11T05:10:10Z,switch-dr,fa0/1,33.0,70.5,1,2
2026-06-06T02:56:38Z,switch-dr,gi0/1,99.9,2.0,1,2
2026-05-19T07:41:27Z,switch-dr,eth0,49.8,59.3,1,2
2026-06-22T14:51:53Z,switch-dr,fa0/1,67.5,87.4,2,2
2026-07-13T07:22:29Z,switch-dr,fa0/0,47.1,94.8,2,1
2026-06-07T20:08:00Z,switch-dr,fa0/0,62.8,27.7,2,2
2026-06-26T02:04:49Z,switch-dr,fa0/0,15.9,52.8,1,2
2026-05-05T08:52:49Z,switch-dr,fa0/0,52.9,95.9,1,2
2026-06-14T16:43:29Z,switch-dr,gi0/2,79.2,84.1,1,2
2026-07-04T07:32:45Z,switch-dr,fa0/1,9.2,5.9,1,2
2026-05-02T11:43:57Z,switch-dr,gi0/2,27.0,42.4,2,2
2026-04-06T15:14:25Z,switch-dr,eth0,62.1,76.7,2,1
2026-05-08T22:52:51Z,switch-dr,fa0/1,28.7,18.2,1,1
2026-05-08T07:06:38Z,switch-dr,fa0/1,61.6,60.4,1,2
2026-07-11T00:58:45Z,switch-dr,fa0/0,67.0,30.3,1,1
2026-07-07T06:10:49Z,switch-dr,eth1,54.5,75.2,2,1
2026-05-09T21:26:08Z,switch-dr,gi0/2,91.0,29.5,1,1
2026-06-25T18:06:46Z,switch-dr,gi0/2,52.0,2.1,1,1
2026-05-31T13:03:03Z,switch-dr,eth0,98.3,95.9,1,1
2026-06-03T11:20:40Z,switch-dr,eth0,18.9,5.2,1,1
2026-05-26T02:37:50Z,switch-dr,gi0/1,61.3,94.2,1,1
2026-06-20T14:07:13Z,switch-dr,gi0/1,81.1,22.0,1,1
2026-06-25T20:58:13Z,switch-dr,fa0/1,71.0,34.9,2,1
2026-06-07T15:31:18Z,switch-dr,eth0,56.7,41.5,2,1
2026-05-08T01:11:48Z,switch-dr,fa0/0,39.4,34.7,2,2
2026-07-11T14:46:26Z,switch-dr,gi0/1,87.7,8.5,1,2
2026-04-30T14:22:54Z,switch-dr,gi0/2,69.8,89.7,2,2
2026-06-09T22:39:05Z,switch-dr,eth1,53.5,23.0,2,1
2026-06-01T00:16:31Z,switch-dr,eth0,34.1,17.2,2,2
2026-04-10T08:16:19Z,switch-dr,gi0/1,10.6,90.5,2,2
2026-07-11T06:42:28Z,switch-dr,fa0/1,99.1,10.8,1,2
2026-07-08T01:45:36Z,switch-dr,gi0/1,91.3,69.3,1,1
2026-07-10T05:55:24Z,switch-dr,gi0/2,66.1,14.0,2,2
2026-04-26T14:46:34Z,fw-dmz,fa0/0,9.8,68.4,1,2
2026-04-26T13:20:02Z,fw-dmz,eth0,33.1,94.5,2,1
2026-06-02T22:12:48Z,fw-dmz,fa0/1,58.3,91.4,2,1
2026-06-06T13:18:07Z,fw-dmz,eth1,37.8,45.2,2,1
2026-06-11T06:18:59Z,fw-dmz,fa0/1,6.9,79.3,1,1
2026-06-03T15:09:34Z,fw-dmz,eth1,45.9,28.7,1,1
2026-06-24T05:56:04Z,fw-dmz,eth0,89.1,29.9,1,1
2026-05-18T11:06:38Z,fw-dmz,fa0/1,2.4,86.6,2,2
2026-06-01T21:42:52Z,fw-dmz,fa0/0,64.4,88.5,1,2
2026-05-18T10:48:38Z,fw-dmz,eth1,79.5,37.8,2,2
2026-04-30T09:05:31Z,fw-dmz,fa0/0,8.1,0.5,2,1
2026-05-31T10:27:50Z,fw-dmz,gi0/2,51.4,10.2,2,1
2026-05-13T00:18:01Z,fw-dmz,gi0/1,63.7,35.7,2,1
2026-05-04T00:11:40Z,fw-dmz,gi0/2,52.8,49.4,2,2
2026-05-13T12:01:07Z,fw-dmz,eth1,22.4,36.2,1,1
2026-05-09T20:15:24Z,fw-dmz,eth0,27.8,3.1,1,2
2026-07-03T16:10:57Z,fw-dmz,fa0/1,23.3,30.7,2,2
2026-06-04T23:39:53Z,fw-dmz,eth0,48.9,56.4,2,1
2026-05-12T14:11:38Z,fw-dmz,fa0/1,52.4,44.9,1,1
2026-06-25T02:24:52Z,fw-dmz,gi0/1,0.5,21.2,2,2
2026-06-17T07:08:29Z,fw-dmz,eth0,31.2,56.7,2,2
2026-06-23T18:38:55Z,fw-dmz,eth1,33.2,67.9,2,2
2026-06-07T22:28:19Z,fw-dmz,eth0,20.7,86.9,1,1
2026-06-19T08:07:53Z,fw-dmz,eth0,18.1,60.3,2,1
2026-05-11T21:44:52Z,fw-dmz,eth0,29.7,16.3,2,2
2026-04-23T13:14:04Z,fw-dmz,gi0/1,15.6,75.9,2,2
2026-06-28T16:42:06Z,fw-dmz,fa0/0,94.3,79.3,1,2
2026-06-28T09:18:39Z,fw-dmz,gi0/1,97.1,88.4,2,1
2026-06-25T10:51:27Z,fw-dmz,fa0/0,2.7,64.7,2,1
2026-07-03T23:29:09Z,fw-dmz,fa0/1,91.7,47.8,1,1
2026-05-27T09:35:06Z,fw-dmz,eth0,32.4,62.1,1,1
2026-06-26T15:40:48Z,fw-dmz,eth0,15.6,47.7,1,1
2026-07-06T22:28:19Z,fw-dmz,gi0/2,0.5,22.7,1,2
2026-05-23T21:16:52Z,fw-dmz,eth1,37.0,43.0,1,2
2026-07-07T11:13:28Z,fw-dmz,gi0/2,57.6,64.5,2,2
2026-06-29T09:57:02Z,fw-dmz,fa0/0,89.3,28.4,2,2
2026-06-19T04:37:47Z,fw-dmz,gi0/1,27.8,88.3,2,1
2026-06-22T05:37:08Z,fw-dmz,eth1,82.8,97.8,2,2
2026-05-26T09:45:11Z,fw-dmz,eth1,45.4,93.5,2,2
2026-05-24T01:53:37Z,fw-dmz,eth0,46.2,53.7,2,2
2026-06-09T08:39:17Z,fw-dmz,fa0/0,69.6,59.8,1,2
2026-06-10T19:05:43Z,fw-dmz,fa0/1,57.0,55.3,1,1
2026-05-19T23:05:55Z,fw-dmz,fa0/1,20.3,40.8,1,1
2026-07-06T20:45:42Z,fw-dmz,eth1,46.1,13.9,2,2
2026-04-13T06:33:48Z,fw-dmz,eth1,2.2,47.5,1,1
2026-06-28T08:25:06Z,fw-dmz,eth0,43.8,1.2,2,1
2026-06-25T22:33:30Z,fw-dmz,eth1,71.6,98.6,1,2
2026-05-05T02:25:23Z,fw-dmz,gi0/1,22.6,88.1,1,2
2026-05-28T03:58:08Z,fw-dmz,eth1,5.4,92.3,2,2
2026-07-11T14:55:38Z,fw-dmz,gi0/2,95.9,24.7,2,1
2026-05-15T06:46:05Z,vpn-gateway,gi0/1,76.4,53.4,2,1
2026-07-07T18:16:58Z,vpn-gateway,eth0,14.9,91.1,2,2
2026-05-14T19:55:26Z,vpn-gateway,eth0,81.0,49.3,1,1
2026-06-11T23:36:56Z,vpn-gateway,fa0/1,96.8,86.9,2,2
2026-06-06T09:40:57Z,vpn-gateway,eth0,35.8,48.6,1,2
2026-06-12T15:51:30Z,vpn-gateway,gi0/1,49.4,13.8,1,1
2026-05-12T08:30:36Z,vpn-gateway,eth0,1.9,43.4,2,1
2026-04-25T06:51:19Z,vpn-gateway,eth1,40.7,7.0,2,2
2026-04-21T12:10:06Z,vpn-gateway,eth0,36.0,76.1,2,1
2026-04-13T12:08:56Z,vpn-gateway,gi0/2,5.4,14.0,2,1
2026-04-12T09:48:08Z,vpn-gateway,gi0/1,60.2,50.5,2,1
2026-04-13T18:17:24Z,vpn-gateway,eth1,47.8,17.8,1,1
2026-07-06T04:46:25Z,vpn-gateway,fa0/0,88.5,34.2,1,2
2026-06-11T07:32:40Z,vpn-gateway,gi0/2,6.0,10.0,2,1
2026-07-15T08:16:10Z,vpn-gateway,fa0/0,42.9,14.5,1,1
2026-05-09T15:41:56Z,vpn-gateway,fa0/0,97.3,20.9,2,1
2026-06-18T14:40:37Z,vpn-gateway,eth1,42.2,19.6,1,2
2026-07-09T19:43:19Z,vpn-gateway,eth0,79.9,53.2,1,2
2026-06-03T14:38:18Z,vpn-gateway,fa0/0,90.8,80.1,1,2
2026-06-19T06:16:01Z,vpn-gateway,gi0/2,87.0,72.2,1,2
2026-07-01T07:24:28Z,vpn-gateway,gi0/2,90.7,48.7,1,1
2026-07-03T00:17:17Z,vpn-gateway,eth0,11.3,88.4,1,2
2026-06-03T07:48:54Z,vpn-gateway,fa0/1,70.5,72.7,1,1
2026-07-05T20:21:07Z,vpn-gateway,eth1,17.0,39.7,2,2
2026-07-09T23:11:56Z,vpn-gateway,eth1,22.9,36.8,1,2
2026-06-04T09:40:10Z,vpn-gateway,eth1,76.8,26.5,2,1
2026-04-22T12:24:50Z,vpn-gateway,gi0/2,77.5,21.8,1,1
2026-06-12T11:58:31Z,vpn-gateway,gi0/2,0.1,10.9,1,2
2026-07-10T16:20:08Z,vpn-gateway,gi0/2,73.2,45.7,1,2
2026-07-02T14:05:03Z,vpn-gateway,eth0,73.6,49.7,1,2
2026-07-11T16:21:20Z,vpn-gateway,fa0/1,62.3,82.6,2,2
2026-04-08T02:25:39Z,vpn-gateway,eth1,47.9,94.2,1,1
2026-05-20T05:28:02Z,vpn-gateway,fa0/0,90.5,78.9,1,2
2026-07-08T01:07:49Z,vpn-gateway,fa0/0,19.6,77.2,1,2
2026-05-14T00:03:46Z,vpn-gateway,fa0/1,73.0,98.3,1,2
2026-07-12T07:07:45Z,vpn-gateway,fa0/0,67.8,40.0,1,2
2026-06-04T06:32:44Z,vpn-gateway,gi0/1,26.6,56.4,2,1
2026-04-11T04:33:57Z,vpn-gateway,fa0/0,65.8,70.1,1,1
2026-06-09T23:08:05Z,vpn-gateway,fa0/1,85.4,21.3,2,2
2026-06-18T09:21:24Z,vpn-gateway,gi0/1,14.4,85.6,1,2
2026-04-17T07:47:16Z,vpn-gateway,eth0,42.4,42.3,2,2
2026-06-28T15:30:59Z,vpn-gateway,gi0/1,43.5,19.6,2,2
2026-05-30T10:23:55Z,vpn-gateway,gi0/1,63.5,74.5,2,1
2026-05-04T08:01:46Z,vpn-gateway,fa0/0,25.5,35.8,2,2
2026-07-02T02:33:37Z,vpn-gateway,fa0/0,63.0,5.8,1,1
2026-06-08T01:49:58Z,vpn-gateway,fa0/0,8.6,77.1,2,1
2026-05-21T09:25:28Z,vpn-gateway,fa0/1,11.6,95.3,2,2
2026-06-12T00:38:28Z,vpn-gateway,fa0/0,73.9,42.8,2,2
2026-07-13T05:48:53Z,vpn-gateway,gi0/1,63.5,30.8,1,2
2026-06-25T00:06:41Z,vpn-gateway,eth0,25.2,93.5,1,1
2026-04-21T03:32:37Z,dns-primary,gi0/1,70.1,89.8,2,1
2026-06-03T03:06:11Z,dns-primary,gi0/1,48.6,24.1,1,1
2026-04-07T08:24:38Z,dns-primary,eth1,84.1,16.9,1,1
2026-05-12T23:14:50Z,dns-primary,fa0/0,42.6,51.9,1,1
2026-04-18T05:23:18Z,dns-primary,gi0/1,13.8,83.1,2,1
2026-04-13T16:19:12Z,dns-primary,eth1,32.7,2.0,2,2
2026-07-03T13:47:59Z,dns-primary,gi0/1,84.9,25.1,1,2
2026-05-27T01:11:02Z,dns-primary,eth1,88.5,43.4,1,1
2026-05-15T07:45:20Z,dns-primary,fa0/0,26.3,77.4,1,1
2026-06-20T14:25:37Z,dns-primary,fa0/1,16.7,58.8,1,1
2026-04-11T08:25:43Z,dns-primary,gi0/2,21.6,22.6,1,1
2026-05-28T02:25:40Z,dns-primary,fa0/0,56.9,95.3,2,2
2026-04-07T06:05:04Z,dns-primary,fa0/1,54.1,23.1,2,1
2026-06-27T05:30:49Z,dns-primary,eth1,26.2,4.3,1,2
2026-06-07T02:05:01Z,dns-primary,eth1,68.9,34.3,2,2
2026-06-02T07:15:37Z,dns-primary,gi0/1,78.4,25.0,2,2
2026-05-09T14:13:35Z,dns-primary,fa0/1,80.3,24.4,2,1
2026-05-06T18:48:07Z,dns-primary,gi0/2,3.9,15.0,2,2
2026-05-06T05:20:12Z,dns-primary,eth0,27.7,32.0,2,2
2026-05-21T13:08:16Z,dns-primary,fa0/1,49.5,19.6,2,1
2026-05-14T04:22:54Z,dns-primary,fa0/1,17.6,4.6,2,1
2026-06-13T07:43:54Z,dns-primary,fa0/1,63.4,30.0,1,1
2026-07-02T01:14:56Z,dns-primary,eth0,51.3,56.0,1,2
2026-07-03T19:26:56Z,dns-primary,fa0/0,26.8,16.4,2,2
2026-05-05T23:54:45Z,dns-primary,gi0/1,96.4,35.7,1,1
2026-05-30T16:54:35Z,dns-primary,fa0/1,44.7,3.3,2,2
2026-04-23T06:57:53Z,dns-primary,fa0/0,5.2,51.4,2,1
2026-06-06T19:24:32Z,dns-primary,gi0/1,85.1,74.5,1,2
2026-05-10T07:52:53Z,dns-primary,fa0/1,4.5,84.7,1,1
2026-06-11T22:24:32Z,dns-primary,gi0/1,84.8,9.7,2,1
2026-05-13T22:09:09Z,dns-primary,fa0/0,7.6,45.4,1,1
2026-05-24T12:36:10Z,dns-primary,gi0/2,82.1,39.2,2,1
2026-06-03T13:26:24Z,dns-primary,eth0,87.7,60.0,1,1
2026-06-04T15:57:53Z,dns-primary,fa0/1,80.0,31.6,1,2
2026-05-03T04:10:03Z,dns-primary,eth0,47.2,62.7,1,2
2026-05-09T03:18:08Z,dns-primary,eth1,99.1,85.5,1,2
2026-06-20T22:42:36Z,dns-primary,gi0/1,98.5,78.4,2,2
2026-05-13T01:52:06Z,dns-primary,gi0/2,2.3,28.6,1,2
2026-05-14T19:08:26Z,dns-primary,eth1,26.3,67.6,1,2
2026-06-15T10:08:59Z,dns-primary,gi0/2,31.7,32.8,2,2
2026-05-10T18:46:03Z,dns-primary,fa0/1,10.5,90.9,1,2
2026-05-16T00:03:33Z,dns-primary,fa0/1,94.4,1.0,2,1
2026-07-16T03:06:21Z,dns-primary,fa0/0,82.5,53.5,2,2
2026-06-24T13:22:32Z,dns-primary,gi0/1,57.4,31.1,2,1
2026-07-10T18:04:31Z,dns-primary,eth0,37.1,97.9,1,1
2026-06-28T05:46:13Z,dns-primary,gi0/2,38.5,78.7,1,1
2026-05-19T23:16:25Z,dns-primary,eth1,74.6,21.2,1,1
2026-06-12T05:39:22Z,dns-primary,gi0/2,99.7,81.3,2,1
2026-07-13T15:22:16Z,dns-primary,fa0/1,12.0,22.8,1,2
2026-06-25T01:25:36Z,dns-primary,gi0/2,71.6,47.3,1,2
2026-04-17T12:09:46Z,ntp-server,gi0/1,26.4,14.1,2,2
2026-06-28T18:18:39Z,ntp-server,eth1,62.4,80.3,2,2
2026-06-24T20:31:33Z,ntp-server,fa0/1,54.5,7.0,1,2
2026-06-29T05:33:30Z,ntp-server,gi0/1,0.0,9.6,1,1
2026-05-10T03:08:30Z,ntp-server,fa0/0,24.0,95.0,1,1
2026-07-09T18:04:08Z,ntp-server,fa0/1,43.0,98.7,1,1
2026-04-16T07:50:38Z,ntp-server,gi0/2,11.1,26.5,1,2
2026-04-26T09:21:39Z,ntp-server,fa0/1,46.3,39.2,2,2
2026-06-20T13:35:02Z,ntp-server,fa0/0,19.5,25.1,1,1
2026-04-09T01:20:02Z,ntp-server,eth0,7.2,38.3,2,2
2026-06-02T10:13:05Z,ntp-server,fa0/0,94.6,66.4,2,1
2026-06-02T04:48:24Z,ntp-server,eth1,83.9,92.9,2,1
2026-06-11T15:00:01Z,ntp-server,eth1,45.5,13.2,2,1
2026-05-29T00:14:11Z,ntp-server,gi0/2,70.5,98.0,2,1
2026-05-06T18:44:47Z,ntp-server,gi0/1,98.6,40.3,2,2
2026-06-28T22:39:17Z,ntp-server,fa0/1,31.3,48.1,2,2
2026-06-21T12:15:43Z,ntp-server,gi0/1,98.4,93.5,2,2
2026-06-11T21:06:40Z,ntp-server,gi0/2,56.1,89.9,1,2
2026-04-17T14:20:56Z,ntp-server,fa0/0,66.1,25.4,2,1
2026-06-23T19:59:26Z,ntp-server,fa0/1,92.3,80.5,2,2
2026-06-29T20:55:38Z,ntp-server,fa0/0,42.8,61.4,2,2
2026-05-06T17:00:51Z,ntp-server,eth0,94.3,70.9,2,2
2026-04-30T13:06:49Z,ntp-server,fa0/1,65.8,18.2,1,1
2026-04-26T08:44:31Z,ntp-server,eth1,95.4,53.0,1,1
2026-07-01T21:24:08Z,ntp-server,gi0/1,47.4,50.9,2,2
2026-05-07T19:52:05Z,ntp-server,eth1,83.2,69.3,2,1
2026-05-01T18:35:01Z,ntp-server,fa0/0,11.5,14.5,1,1
2026-05-01T02:33:17Z,ntp-server,fa0/0,68.3,37.0,1,1
2026-04-10T22:21:50Z,ntp-server,fa0/1,55.6,1.9,1,1
2026-04-22T17:43:18Z,ntp-server,gi0/2,37.7,11.6,2,1
2026-05-08T15:36:37Z,ntp-server,gi0/2,90.1,87.8,1,2
2026-07-01T01:53:13Z,ntp-server,fa0/1,81.6,83.3,2,1
2026-06-20T00:34:32Z,ntp-server,gi0/2,85.5,88.6,1,1
2026-05-15T15:30:29Z,ntp-server,fa0/0,78.2,33.3,1,1
2026-05-06T11:32:28Z,ntp-server,eth1,69.5,59.0,2,1
2026-07-02T19:46:18Z,ntp-server,gi0/2,39.4,39.2,2,1
2026-04-28T18:01:51Z,ntp-server,gi0/2,77.1,38.8,1,2
2026-05-31T12:45:56Z,ntp-server,gi0/2,80.8,92.1,2,2
2026-06-09T17:40:29Z,ntp-server,gi0/1,57.6,61.7,2,2
2026-06-18T05:30:41Z,ntp-server,eth1,45.2,61.2,1,1
2026-05-20T14:03:13Z,ntp-server,gi0/1,78.5,16.3,2,1
2026-06-05T18:06:26Z,ntp-server,fa0/1,34.8,69.3,2,2
2026-07-07T19:48:55Z,ntp-server,fa0/1,87.8,87.3,2,1
2026-06-06T17:10:46Z,ntp-server,gi0/1,68.4,58.8,1,1
2026-04-11T21:41:56Z,ntp-server,gi0/2,31.4,47.8,2,2
2026-04-30T19:06:54Z,ntp-server,fa0/1,43.5,48.6,2,2
2026-04-24T20:46:15Z,ntp-server,eth1,28.3,99.4,1,1
2026-05-17T04:27:00Z,ntp-server,eth0,9.7,53.6,1,1
2026-05-13T19:16:02Z,ntp-server,fa0/0,18.6,77.2,2,2
2026-04-08T15:20:53Z,ntp-server,fa0/1,91.4,1.3,2,1
2026-04-12T22:37:50Z,syslog-server,eth1,16.2,36.6,1,2
2026-04-30T02:04:34Z,syslog-server,eth0,48.9,32.2,2,2
2026-06-21T23:53:26Z,syslog-server,fa0/1,55.3,97.4,1,1
2026-05-04T19:25:25Z,syslog-server,gi0/2,72.4,95.9,1,1
2026-05-13T14:28:44Z,syslog-server,eth0,17.1,94.4,2,1
2026-05-09T06:21:27Z,syslog-server,gi0/1,80.6,94.2,1,1
2026-07-13T01:53:38Z,syslog-server,fa0/0,49.5,53.8,2,1
2026-05-30T09:58:58Z,syslog-server,fa0/1,61.5,37.7,2,2
2026-06-28T23:04:39Z,syslog-server,gi0/2,94.9,34.9,1,1
2026-04-11T12:44:12Z,syslog-server,eth1,85.3,5.0,2,1
2026-06-23T20:21:54Z,syslog-server,eth0,63.9,77.3,1,1
2026-06-06T06:51:01Z,syslog-server,gi0/2,76.0,85.4,2,2
2026-07-10T20:39:06Z,syslog-server,gi0/1,55.4,50.6,2,2
2026-05-13T12:36:24Z,syslog-server,fa0/0,84.8,73.3,2,2
2026-06-01T15:36:59Z,syslog-server,gi0/2,63.1,76.0,2,1
2026-06-25T05:35:09Z,syslog-server,fa0/0,52.2,57.2,1,2
2026-06-18T03:50:56Z,syslog-server,gi0/2,25.4,79.7,1,2
2026-05-31T01:55:13Z,syslog-server,fa0/1,63.8,19.1,2,2
2026-04-27T23:28:42Z,syslog-server,eth1,26.5,1.7,1,2
2026-06-13T02:26:29Z,syslog-server,eth0,80.9,90.1,1,1
2026-06-28T23:10:14Z,syslog-server,eth0,9.1,15.6,1,1
2026-04-29T23:15:19Z,syslog-server,eth1,99.2,29.4,2,2
2026-05-29T10:05:21Z,syslog-server,fa0/1,46.1,43.9,2,1
2026-06-30T16:14:34Z,syslog-server,eth1,68.4,30.0,2,2
2026-05-24T05:53:01Z,syslog-server,gi0/2,90.4,93.1,1,1
2026-07-10T03:38:11Z,syslog-server,fa0/1,92.1,44.8,1,2
2026-05-23T22:10:57Z,syslog-server,gi0/2,56.0,26.6,1,1
2026-05-19T19:16:41Z,syslog-server,gi0/2,83.0,49.1,1,1
2026-06-17T07:11:29Z,syslog-server,gi0/1,73.1,94.2,2,2
2026-06-26T15:29:26Z,syslog-server,fa0/0,40.5,12.8,2,1
2026-06-22T21:37:16Z,syslog-server,gi0/2,74.8,33.1,2,1
2026-05-10T13:10:43Z,syslog-server,fa0/0,45.9,69.1,2,1
2026-05-10T19:35:39Z,syslog-server,fa0/0,5.1,74.9,2,2
2026-06-10T03:38:26Z,syslog-server,eth1,46.8,22.4,2,2
2026-06-12T20:40:15Z,syslog-server,gi0/2,50.0,8.9,2,2
2026-05-15T15:29:38Z,syslog-server,eth1,10.5,14.2,1,2
2026-07-12T21:06:30Z,syslog-server,fa0/0,80.9,39.3,2,2
2026-05-24T23:42:10Z,syslog-server,fa0/1,68.9,92.2,2,1
2026-04-11T20:40:15Z,syslog-server,fa0/0,50.8,9.4,1,1
2026-05-22T12:10:27Z,syslog-server,eth0,79.1,17.5,1,2
2026-07-14T11:52:52Z,syslog-server,gi0/2,65.4,62.2,2,2
2026-04-29T13:53:24Z,syslog-server,fa0/0,11.0,3.0,1,1
2026-05-27T07:39:52Z,syslog-server,gi0/1,54.8,75.3,1,2
2026-06-08T11:37:41Z,syslog-server,eth1,39.5,7.2,2,2
2026-06-24T13:21:03Z,syslog-server,eth0,91.3,64.5,2,2
2026-05-30T01:39:37Z,syslog-server,fa0/0,29.2,85.9,1,2
2026-05-05T00:03:34Z,syslog-server,fa0/1,87.4,6.7,1,2
2026-07-08T06:12:19Z,syslog-server,gi0/1,33.3,17.5,2,1
2026-06-19T11:57:29Z,syslog-server,gi0/1,86.4,22.7,2,1
2026-05-30T14:43:20Z,syslog-server,gi0/1,15.7,25.9,1,2
2026-04-13T05:54:29Z,edge-r1,gi0/1,42.0,17.5,1,1
2026-04-13T05:54:30Z,edge-r1,gi0/1,42.0,17.5,1,1
2026-04-13T05:54:31Z,edge-r1,gi0/1,42.0,17.5,1,1
2026-04-13T05:54:32Z,edge-r1,gi0/1,42.0,17.5,1,1
2026-04-13T05:54:33Z,edge-r1,gi0/1,42.0,17.5,1,1
2026-04-13T05:54:34Z,edge-r1,gi0/1,42.0,17.5,1,1
2026-04-13T05:54:35Z,edge-r1,gi0/1,42.0,17.5,1,1
2026-04-13T05:54:36Z,edge-r1,gi0/1,42.0,17.5,1,1
2026-04-13T05:54:37Z,edge-r1,gi0/1,42.0,17.5,1,1
2026-04-13T05:54:38Z,edge-r1,gi0/1,42.0,17.5,1,1
2026-04-13T05:54:39Z,edge-r1,gi0/1,42.0,17.5,1,1
2026-04-13T05:54:40Z,edge-r1,gi0/1,42.0,17.5,1,1
2026-04-13T05:54:41Z,edge-r1,gi0/1,42.0,17.5,1,1
2026-04-13T05:54:42Z,edge-r1,gi0/1,42.0,17.5,1,1
2026-04-13T05:54:43Z,edge-r1,gi0/1,42.0,17.5,1,1
2026-04-13T05:54:44Z,edge-r1,gi0/1,42.0,17.5,1,1
2026-04-13T05:54:45Z,edge-r1,gi0/1,42.0,17.5,1,1
2026-04-13T05:54:46Z,edge-r1,gi0/1,42.0,17.5,1,1
2026-04-13T05:54:47Z,edge-r1,gi0/1,42.0,17.5,1,1
2026-04-13T05:54:48Z,edge-r1,gi0/1,42.0,17.5,1,1
2026-04-13T05:54:49Z,edge-r1,gi0/1,42.0,17.5,1,1
2026-04-13T05:54:50Z,edge-r1,gi0/1,42.0,17.5,1,1
2026-04-13T05:54:51Z,edge-r1,gi0/1,42.0,17.5,1,1
2026-04-13T05:54:52Z,edge-r1,gi0/1,42.0,17.5,1,1
2026-04-13T05:54:53Z,edge-r1,gi0/1,42.0,17.5,1,1
2026-04-13T05:54:54Z,edge-r1,gi0/1,42.0,17.5,1,1
2026-04-13T05:54:55Z,edge-r1,gi0/1,42.0,17.5,1,1
2026-04-13T05:54:56Z,edge-r1,gi0/1,42.0,17.5,1,1
2026-04-13T05:54:57Z,edge-r1,gi0/1,42.0,17.5,1,1
2026-04-13T05:54:58Z,edge-r1,gi0/1,42.0,17.5,1,1
2026-04-13T05:54:59Z,edge-r1,gi0/1,42.0,17.5,1,1
2026-04-13T05:55:00Z,edge-r1,gi0/1,42.0,17.5,1,1
2026-04-13T05:55:01Z,edge-r1,gi0/1,42.0,17.5,1,1
2026-04-13T05:55:02Z,edge-r1,gi0/1,42.0,17.5,1,1
2026-04-13T05:55:03Z,edge-r1,gi0/1,42.0,17.5,1,1
2026-04-13T05:55:04Z,edge-r1,gi0/1,42.0,17.5,1,1
2026-04-13T05:55:05Z,edge-r1,gi0/1,42.0,17.5,1,1
2026-04-13T05:55:06Z,edge-r1,gi0/1,42.0,17.5,1,1
2026-04-13T05:55:07Z,edge-r1,gi0/1,42.0,17.5,1,1
2026-04-13T05:55:08Z,edge-r1,gi0/1,42.0,17.5,1,1
2026-04-13T05:55:09Z,edge-r1,gi0/1,42.0,17.5,1,1
2026-04-13T05:55:10Z,edge-r1,gi0/1,42.0,17.5,1,1
2026-04-13T05:55:11Z,edge-r1,gi0/1,42.0,17.5,1,1
2026-04-13T05:55:12Z,edge-r1,gi0/1,42.0,17.5,1,1
2026-04-13T05:55:13Z,edge-r1,gi0/1,42.0,17.5,1,1
2026-04-13T05:55:14Z,edge-r1,gi0/1,42.0,17.5,1,1
2026-04-13T05:55:15Z,edge-r1,gi0/1,42.0,17.5,1,1
2026-04-13T05:55:16Z,edge-r1,gi0/1,42.0,17.5,1,1
2026-04-13T05:55:17Z,edge-r1,gi0/1,42.0,17.5,1,1
2026-04-13T05:55:18Z,edge-r1,gi0/1,42.0,17.5,1,1
2026-04-13T05:55:19Z,edge-r1,gi0/1,42.0,17.5,1,1
2026-04-13T05:55:20Z,edge-r1,gi0/1,42.0,17.5,1,1
2026-04-13T05:55:21Z,edge-r1,gi0/1,42.0,17.5,1,1
2026-04-13T05:55:22Z,edge-r1,gi0/1,42.0,17.5,1,1
2026-04-13T05:55:23Z,edge-r1,gi0/1,42.0,17.5,1,1
2026-04-13T05:55:24Z,edge-r1,gi0/1,42.0,17.5,1,1
2026-04-13T05:55:25Z,edge-r1,gi0/1,42.0,17.5,1,1
2026-04-13T05:55:26Z,edge-r1,gi0/1,42.0,17.5,1,1
2026-04-13T05:55:27Z,edge-r1,gi0/1,42.0,17.5,1,1
2026-04-13T05:55:28Z,edge-r1,gi0/1,42.0,17.5,1,1
2026-04-13T05:55:29Z,edge-r1,gi0/1,42.0,17.5,1,1
2026-04-13T05:55:30Z,edge-r1,gi0/1,42.0,17.5,1,1
2026-04-13T05:55:31Z,edge-r1,gi0/1,42.0,17.5,1,1
2026-04-13T05:55:32Z,edge-r1,gi0/1,42.0,17.5,1,1
2026-04-13T05:55:33Z,edge-r1,gi0/1,42.0,17.5,1,1
2026-04-13T05:55:34Z,edge-r1,gi0/1,42.0,17.5,1,1
2026-04-13T05:55:35Z,edge-r1,gi0/1,42.0,17.5,1,1
2026-04-13T05:55:36Z,edge-r1,gi0/1,42.0,17.5,1,1
2026-04-13T05:55:37Z,edge-r1,gi0/1,42.0,17.5,1,1
2026-04-13T05:55:38Z,edge-r1,gi0/1,42.0,17.5,1,1
2026-04-13T05:55:39Z,edge-r1,gi0/1,42.0,17.5,1,1
2026-04-13T05:55:40Z,edge-r1,gi0/1,42.0,17.5,1,1
2026-04-13T05:55:41Z,edge-r1,gi0/1,42.0,17.5,1,1
2026-04-13T05:55:42Z,edge-r1,gi0/1,42.0,17.5,1,1
2026-04-13T05:55:43Z,edge-r1,gi0/1,42.0,17.5,1,1
2026-04-13T05:55:44Z,edge-r1,gi0/1,42.0,17.5,1,1
2026-04-13T05:55:45Z,edge-r1,gi0/1,42.0,17.5,1,1
2026-04-13T05:55:46Z,edge-r1,gi0/1,42.0,17.5,1,1
2026-04-13T05:55:47Z,edge-r1,gi0/1,42.0,17.5,1,1
2026-04-13T05:55:48Z,edge-r1,gi0/1,42.0,17.5,1,1
2026-04-13T05:55:49Z,edge-r1,gi0/1,42.0,17.5,1,1
2026-04-13T05:55:50Z,edge-r1,gi0/1,42.0,17.5,1,1
2026-04-13T05:55:51Z,edge-r1,gi0/1,42.0,17.5,1,1
2026-04-13T05:55:52Z,edge-r1,gi0/1,42.0,17.5,1,1
2026-04-13T05:55:53Z,edge-r1,gi0/1,42.0,17.5,1,1
2026-04-13T05:55:54Z,edge-r1,gi0/1,42.0,17.5,1,1
2026-04-13T05:55:55Z,edge-r1,gi0/1,42.0,17.5,1,1
2026-04-13T05:55:56Z,edge-r1,gi0/1,42.0,17.5,1,1
2026-04-13T05:55:57Z,edge-r1,gi0/1,42.0,17.5,1,1
2026-04-13T05:55:58Z,edge-r1,gi0/1,42.0,17.5,1,1
2026-04-13T05:55:59Z,edge-r1,gi0/1,42.0,17.5,1,1
2026-04-13T05:56:00Z,edge-r1,gi0/1,42.0,17.5,1,1
2026-04-13T05:56:01Z,edge-r1,gi0/1,42.0,17.5,1,1
2026-04-13T05:56:02Z,edge-r1,gi0/1,42.0,17.5,1,1
2026-04-13T05:56:03Z,edge-r1,gi0/1,42.0,17.5,1,1
2026-04-13T05:56:04Z,edge-r1,gi0/1,42.0,17.5,1,1
2026-04-13T05:56:05Z,edge-r1,gi0/1,42.0,17.5,1,1
2026-04-13T05:56:06Z,edge-r1,gi0/1,42.0,17.5,1,1
2026-04-13T05:56:07Z,edge-r1,gi0/1,42.0,17.5,1,1
2026-04-13T05:56:08Z,edge-r1,gi0/1,42.0,17.5,1,1
2026-04-13T05:56:09Z,edge-r1,gi0/1,42.0,17.5,1,1
2026-04-13T05:56:10Z,edge-r1,gi0/1,42.0,17.5,1,1
2026-04-13T05:56:11Z,edge-r1,gi0/1,42.0,17.5,1,1
2026-04-13T05:56:12Z,edge-r1,gi0/1,42.0,17.5,1,1
2026-04-13T05:56:13Z,edge-r1,gi0/1,42.0,17.5,1,1
2026-04-13T05:56:14Z,edge-r1,gi0/1,42.0,17.5,1,1
2026-04-13T05:56:15Z,edge-r1,gi0/1,42.0,17.5,1,1
2026-04-13T05:56:16Z,edge-r1,gi0/1,42.0,17.5,1,1
2026-04-13T05:56:17Z,edge-r1,gi0/1,42.0,17.5,1,1
2026-04-13T05:56:18Z,edge-r1,gi0/1,42.0,17.5,1,1
2026-04-13T05:56:19Z,edge-r1,gi0/1,42.0,17.5,1,1
2026-04-13T05:56:20Z,edge-r1,gi0/1,42.0,17.5,1,1
2026-04-13T05:56:21Z,edge-r1,gi0/1,42.0,17.5,1,1
2026-04-13T05:56:22Z,edge-r1,gi0/1,42.0,17.5,1,1
2026-04-13T05:56:23Z,edge-r1,gi0/1,42.0,17.5,1,1
2026-04-13T05:56:24Z,edge-r1,gi0/1,42.0,17.5,1,1
2026-04-13T05:56:25Z,edge-r1,gi0/1,42.0,17.5,1,1
2026-04-13T05:56:26Z,edge-r1,gi0/1,42.0,17.5,1,1
2026-04-13T05:56:27Z,edge-r1,gi0/1,42.0,17.5,1,1
2026-04-13T05:56:28Z,edge-r1,gi0/1,42.0,17.5,1,1
2026-04-13T05:56:29Z,edge-r1,gi0/1,42.0,17.5,1,1
2026-04-13T05:56:30Z,edge-r1,gi0/1,42.0,17.5,1,1
2026-04-13T05:56:31Z,edge-r1,gi0/1,42.0,17.5,1,1
2026-04-13T05:56:32Z,edge-r1,gi0/1,42.0,17.5,1,1
2026-04-13T05:56:33Z,edge-r1,gi0/1,42.0,17.5,1,1
2026-04-13T05:56:34Z,edge-r1,gi0/1,42.0,17.5,1,1
2026-04-13T05:56:35Z,edge-r1,gi0/1,42.0,17.5,1,1
2026-04-13T05:56:36Z,edge-r1,gi0/1,42.0,17.5,1,1
2026-04-13T05:56:37Z,edge-r1,gi0/1,42.0,17.5,1,1
2026-04-13T05:56:38Z,edge-r1,gi0/1,42.0,17.5,1,1
2026-04-13T05:56:39Z,edge-r1,gi0/1,42.0,17.5,1,1
2026-04-13T05:56:40Z,edge-r1,gi0/1,42.0,17.5,1,1
2026-04-13T05:56:41Z,edge-r1,gi0/1,42.0,17.5,1,1
2026-04-13T05:56:42Z,edge-r1,gi0/1,42.0,17.5,1,1
2026-04-13T05:56:43Z,edge-r1,gi0/1,42.0,17.5,1,1
2026-04-13T05:56:44Z,edge-r1,gi0/1,42.0,17.5,1,1
2026-04-13T05:56:45Z,edge-r1,gi0/1,42.0,17.5,1,1
2026-04-13T05:56:46Z,edge-r1,gi0/1,42.0,17.5,1,1
2026-04-13T05:56:47Z,edge-r1,gi0/1,42.0,17.5,1,1
2026-04-13T05:56:48Z,edge-r1,gi0/1,42.0,17.5,1,1
2026-04-13T05:56:49Z,edge-r1,gi0/1,42.0,17.5,1,1
2026-04-13T05:56:50Z,edge-r1,gi0/1,42.0,17.5,1,1
2026-04-13T05:56:51Z,edge-r1,gi0/1,42.0,17.5,1,1
2026-04-13T05:56:52Z,edge-r1,gi0/1,42.0,17.5,1,1
2026-04-13T05:56:53Z,edge-r1,gi0/1,42.0,17.5,1,1
2026-04-13T05:56:54Z,edge-r1,gi0/1,42.0,17.5,1,1
2026-04-13T05:56:55Z,edge-r1,gi0/1,42.0,17.5,1,1
2026-04-13T05:56:56Z,edge-r1,gi0/1,42.0,17.5,1,1
2026-04-13T05:56:57Z,edge-r1,gi0/1,42.0,17.5,1,1
2026-04-13T05:56:58Z,edge-r1,gi0/1,42.0,17.5,1,1
2026-04-13T05:56:59Z,edge-r1,gi0/1,42.0,17.5,1,1
2026-04-13T05:57:00Z,edge-r1,gi0/1,42.0,17.5,1,1
2026-04-13T05:57:01Z,edge-r1,gi0/1,42.0,17.5,1,1
2026-04-13T05:57:02Z,edge-r1,gi0/1,42.0,17.5,1,1
2026-04-13T05:57:03Z,edge-r1,gi0/1,42.0,17.5,1,1
2026-04-13T05:57:04Z,edge-r1,gi0/1,42.0,17.5,1,1
2026-04-13T05:57:05Z,edge-r1,gi0/1,42.0,17.5,1,1
2026-04-13T05:57:06Z,edge-r1,gi0/1,42.0,17.5,1,1
2026-04-13T05:57:07Z,edge-r1,gi0/1,42.0,17.5,1,1
2026-04-13T05:57:08Z,edge-r1,gi0/1,42.0,17.5,1,1
2026-04-13T05:57:09Z,edge-r1,gi0/1,42.0,17.5,1,1
2026-04-13T05:57:10Z,edge-r1,gi0/1,42.0,17.5,1,1
2026-04-13T05:57:11Z,edge-r1,gi0/1,42.0,17.5,1,1
2026-04-13T05:57:12Z,edge-r1,gi0/1,42.0,17.5,1,1
2026-04-13T05:57:13Z,edge-r1,gi0/1,42.0,17.5,1,1
2026-04-13T05:57:14Z,edge-r1,gi0/1,42.0,17.5,1,1
2026-04-13T05:57:15Z,edge-r1,gi0/1,42.0,17.5,1,1
2026-04-13T05:57:16Z,edge-r1,gi0/1,42.0,17.5,1,1
2026-04-13T05:57:17Z,edge-r1,gi0/1,42.0,17.5,1,1
2026-04-13T05:57:18Z,edge-r1,gi0/1,42.0,17.5,1,1
2026-04-13T05:57:19Z,edge-r1,gi0/1,42.0,17.5,1,1
2026-04-13T05:57:20Z,edge-r1,gi0/1,42.0,17.5,1,1
2026-04-13T05:57:21Z,edge-r1,gi0/1,42.0,17.5,1,1
2026-04-13T05:57:22Z,edge-r1,gi0/1,42.0,17.5,1,1
2026-04-13T05:57:23Z,edge-r1,gi0/1,42.0,17.5,1,1
2026-04-13T05:57:24Z,edge-r1,gi0/1,42.0,17.5,1,1
2026-04-13T05:57:25Z,edge-r1,gi0/1,42.0,17.5,1,1
2026-04-13T05:57:26Z,edge-r1,gi0/1,42.0,17.5,1,1
2026-04-13T05:57:27Z,edge-r1,gi0/1,42.0,17.5,1,1
2026-04-13T05:57:28Z,edge-r1,gi0/1,42.0,17.5,1,1
2026-04-13T05:57:29Z,edge-r1,gi0/1,42.0,17.5,1,1
2026-04-13T05:57:30Z,edge-r1,gi0/1,42.0,17.5,1,1
2026-04-13T05:57:31Z,edge-r1,gi0/1,42.0,17.5,1,1
2026-04-13T05:57:32Z,edge-r1,gi0/1,42.0,17.5,1,1
2026-04-13T05:57:33Z,edge-r1,gi0/1,42.0,17.5,1,1
2026-04-13T05:57:34Z,edge-r1,gi0/1,42.0,17.5,1,1
2026-04-13T05:57:35Z,edge-r1,gi0/1,42.0,17.5,1,1
2026-04-13T05:57:36Z,edge-r1,gi0/1,42.0,17.5,1,1
2026-04-13T05:57:37Z,edge-r1,gi0/1,42.0,17.5,1,1
2026-04-13T05:57:38Z,edge-r1,gi0/1,42.0,17.5,1,1
2026-04-13T05:57:39Z,edge-r1,gi0/1,42.0,17.5,1,1
2026-04-13T05:57:40Z,edge-r1,gi0/1,42.0,17.5,1,1
2026-04-13T05:57:41Z,edge-r1,gi0/1,42.0,17.5,1,1
2026-04-13T05:57:42Z,edge-r1,gi0/1,42.0,17.5,1,1
2026-04-13T05:57:43Z,edge-r1,gi0/1,42.0,17.5,1,1
2026-04-13T05:57:44Z,edge-r1,gi0/1,42.0,17.5,1,1
2026-04-13T05:57:45Z,edge-r1,gi0/1,42.0,17.5,1,1
2026-04-13T05:57:46Z,edge-r1,gi0/1,42.0,17.5,1,1
2026-04-13T05:57:47Z,edge-r1,gi0/1,42.0,17.5,1,1
2026-04-13T05:57:48Z,edge-r1,gi0/1,42.0,17.5,1,1
2026-04-13T05:57:49Z,edge-r1,gi0/1,42.0,17.5,1,1
2026-04-13T05:57:50Z,edge-r1,gi0/1,42.0,17.5,1,1
2026-04-13T05:57:51Z,edge-r1,gi0/1,42.0,17.5,1,1
2026-04-13T05:57:52Z,edge-r1,gi0/1,42.0,17.5,1,1
2026-04-13T05:57:53Z,edge-r1,gi0/1,42.0,17.5,1,1
2026-04-13T05:57:54Z,edge-r1,gi0/1,42.0,17.5,1,1
2026-04-13T05:57:55Z,edge-r1,gi0/1,42.0,17.5,1,1
2026-04-13T05:57:56Z,edge-r1,gi0/1,42.0,17.5,1,1
2026-04-13T05:57:57Z,edge-r1,gi0/1,42.0,17.5,1,1
2026-04-13T05:57:58Z,edge-r1,gi0/1,42.0,17.5,1,1
2026-04-13T05:57:59Z,edge-r1,gi0/1,42.0,17.5,1,1
2026-04-13T05:58:00Z,edge-r1,gi0/1,42.0,17.5,1,1
2026-04-13T05:58:01Z,edge-r1,gi0/1,42.0,17.5,1,1
2026-04-13T05:58:02Z,edge-r1,gi0/1,42.0,17.5,1,1
2026-04-13T05:58:03Z,edge-r1,gi0/1,42.0,17.5,1,1
2026-04-13T05:58:04Z,edge-r1,gi0/1,42.0,17.5,1,1
2026-04-13T05:58:05Z,edge-r1,gi0/1,42.0,17.5,1,1
2026-04-13T05:58:06Z,edge-r1,gi0/1,42.0,17.5,1,1
2026-04-13T05:58:07Z,edge-r1,gi0/1,42.0,17.5,1,1
2026-04-13T05:58:08Z,edge-r1,gi0/1,42.0,17.5,1,1
2026-04-13T05:58:09Z,edge-r1,gi0/1,42.0,17.5,1,1
2026-04-13T05:58:10Z,edge-r1,gi0/1,42.0,17.5,1,1
2026-04-13T05:58:11Z,edge-r1,gi0/1,42.0,17.5,1,1
2026-04-13T05:58:12Z,edge-r1,gi0/1,42.0,17.5,1,1
2026-04-13T05:58:13Z,edge-r1,gi0/1,42.0,17.5,1,1
2026-04-13T05:58:14Z,edge-r1,gi0/1,42.0,17.5,1,1
2026-04-13T05:58:15Z,edge-r1,gi0/1,42.0,17.5,1,1
2026-04-13T05:58:16Z,edge-r1,gi0/1,42.0,17.5,1,1
2026-04-13T05:58:17Z,edge-r1,gi0/1,42.0,17.5,1,1
2026-04-13T05:58:18Z,edge-r1,gi0/1,42.0,17.5,1,1
2026-04-13T05:58:19Z,edge-r1,gi0/1,42.0,17.5,1,1
2026-04-13T05:58:20Z,edge-r1,gi0/1,42.0,17.5,1,1
2026-04-13T05:58:21Z,edge-r1,gi0/1,42.0,17.5,1,1
2026-04-13T05:58:22Z,edge-r1,gi0/1,42.0,17.5,1,1
2026-04-13T05:58:23Z,edge-r1,gi0/1,42.0,17.5,1,1
2026-04-13T05:58:24Z,edge-r1,gi0/1,42.0,17.5,1,1
2026-04-13T05:58:25Z,edge-r1,gi0/1,42.0,17.5,1,1
2026-04-13T05:58:26Z,edge-r1,gi0/1,42.0,17.5,1,1
2026-04-13T05:58:27Z,edge-r1,gi0/1,42.0,17.5,1,1
2026-04-13T05:58:28Z,edge-r1,gi0/1,42.0,17.5,1,1
2026-04-13T05:54:29Z,edge-r2,gi0/1,62.0,58.0,1,1
2026-04-13T05:54:30Z,edge-r2,gi0/1,62.0,58.0,1,1
2026-04-13T05:54:31Z,edge-r2,gi0/1,62.0,58.0,1,1
2026-04-13T05:54:32Z,edge-r2,gi0/1,62.0,58.0,1,1
2026-04-13T05:54:33Z,edge-r2,gi0/1,62.0,58.0,1,1
2026-04-13T05:54:34Z,edge-r2,gi0/1,62.0,58.0,1,1
2026-04-13T05:54:35Z,edge-r2,gi0/1,62.0,58.0,1,1
2026-04-13T05:54:36Z,edge-r2,gi0/1,62.0,58.0,1,1
2026-04-13T05:54:37Z,edge-r2,gi0/1,62.0,58.0,1,1
2026-04-13T05:54:38Z,edge-r2,gi0/1,62.0,58.0,1,1
2026-04-13T05:54:39Z,edge-r2,gi0/1,62.0,58.0,1,1
2026-04-13T05:54:40Z,edge-r2,gi0/1,62.0,58.0,1,1
2026-04-13T05:54:41Z,edge-r2,gi0/1,62.0,58.0,1,1
2026-04-13T05:54:42Z,edge-r2,gi0/1,62.0,58.0,1,1
2026-04-13T05:54:43Z,edge-r2,gi0/1,62.0,58.0,1,1
2026-04-13T05:54:44Z,edge-r2,gi0/1,62.0,58.0,1,1
2026-04-13T05:54:45Z,edge-r2,gi0/1,62.0,58.0,1,1
2026-04-13T05:54:46Z,edge-r2,gi0/1,62.0,58.0,1,1
2026-04-13T05:54:47Z,edge-r2,gi0/1,62.0,58.0,1,1
2026-04-13T05:54:48Z,edge-r2,gi0/1,62.0,58.0,1,1
2026-04-13T05:54:49Z,edge-r2,gi0/1,62.0,58.0,1,1
2026-04-13T05:54:50Z,edge-r2,gi0/1,62.0,58.0,1,1
2026-04-13T05:54:51Z,edge-r2,gi0/1,62.0,58.0,1,1
2026-04-13T05:54:52Z,edge-r2,gi0/1,62.0,58.0,1,1
2026-04-13T05:54:53Z,edge-r2,gi0/1,62.0,58.0,1,1
2026-04-13T05:54:54Z,edge-r2,gi0/1,62.0,58.0,1,1
2026-04-13T05:54:55Z,edge-r2,gi0/1,62.0,58.0,1,1
2026-04-13T05:54:56Z,edge-r2,gi0/1,62.0,58.0,1,1
2026-04-13T05:54:57Z,edge-r2,gi0/1,62.0,58.0,1,1
2026-04-13T05:54:58Z,edge-r2,gi0/1,62.0,58.0,1,1
2026-04-13T05:54:59Z,edge-r2,gi0/1,62.0,58.0,1,1
2026-04-13T05:55:00Z,edge-r2,gi0/1,62.0,58.0,1,1
2026-04-13T05:55:01Z,edge-r2,gi0/1,62.0,58.0,1,1
2026-04-13T05:55:02Z,edge-r2,gi0/1,62.0,58.0,1,1
2026-04-13T05:55:03Z,edge-r2,gi0/1,62.0,58.0,1,1
2026-04-13T05:55:04Z,edge-r2,gi0/1,62.0,58.0,1,1
2026-04-13T05:55:05Z,edge-r2,gi0/1,62.0,58.0,1,1
2026-04-13T05:55:06Z,edge-r2,gi0/1,62.0,58.0,1,1
2026-04-13T05:55:07Z,edge-r2,gi0/1,62.0,58.0,1,1
2026-04-13T05:55:08Z,edge-r2,gi0/1,62.0,58.0,1,1
2026-04-13T05:55:09Z,edge-r2,gi0/1,62.0,58.0,1,1
2026-04-13T05:55:10Z,edge-r2,gi0/1,62.0,58.0,1,1
2026-04-13T05:55:11Z,edge-r2,gi0/1,62.0,58.0,1,1
2026-04-13T05:55:12Z,edge-r2,gi0/1,62.0,58.0,1,1
2026-04-13T05:55:13Z,edge-r2,gi0/1,62.0,58.0,1,1
2026-04-13T05:55:14Z,edge-r2,gi0/1,62.0,58.0,1,1
2026-04-13T05:55:15Z,edge-r2,gi0/1,62.0,58.0,1,1
2026-04-13T05:55:16Z,edge-r2,gi0/1,62.0,58.0,1,1
2026-04-13T05:55:17Z,edge-r2,gi0/1,62.0,58.0,1,1
2026-04-13T05:55:18Z,edge-r2,gi0/1,62.0,58.0,1,1
2026-04-13T05:55:19Z,edge-r2,gi0/1,62.0,58.0,1,1
2026-04-13T05:55:20Z,edge-r2,gi0/1,62.0,58.0,1,1
2026-04-13T05:55:21Z,edge-r2,gi0/1,62.0,58.0,1,1
2026-04-13T05:55:22Z,edge-r2,gi0/1,62.0,58.0,1,1
2026-04-13T05:55:23Z,edge-r2,gi0/1,62.0,58.0,1,1
2026-04-13T05:55:24Z,edge-r2,gi0/1,62.0,58.0,1,1
2026-04-13T05:55:25Z,edge-r2,gi0/1,62.0,58.0,1,1
2026-04-13T05:55:26Z,edge-r2,gi0/1,62.0,58.0,1,1
2026-04-13T05:55:27Z,edge-r2,gi0/1,62.0,58.0,1,1
2026-04-13T05:55:28Z,edge-r2,gi0/1,62.0,58.0,1,1
2026-04-13T05:55:29Z,edge-r2,gi0/1,62.0,58.0,1,1
2026-04-13T05:55:30Z,edge-r2,gi0/1,62.0,58.0,1,1
2026-04-13T05:55:31Z,edge-r2,gi0/1,62.0,58.0,1,1
2026-04-13T05:55:32Z,edge-r2,gi0/1,62.0,58.0,1,1
2026-04-13T05:55:33Z,edge-r2,gi0/1,62.0,58.0,1,1
2026-04-13T05:55:34Z,edge-r2,gi0/1,62.0,58.0,1,1
2026-04-13T05:55:35Z,edge-r2,gi0/1,62.0,58.0,1,1
2026-04-13T05:55:36Z,edge-r2,gi0/1,62.0,58.0,1,1
2026-04-13T05:55:37Z,edge-r2,gi0/1,62.0,58.0,1,1
2026-04-13T05:55:38Z,edge-r2,gi0/1,62.0,58.0,1,1
2026-04-13T05:55:39Z,edge-r2,gi0/1,62.0,58.0,1,1
2026-04-13T05:55:40Z,edge-r2,gi0/1,62.0,58.0,1,1
2026-04-13T05:55:41Z,edge-r2,gi0/1,62.0,58.0,1,1
2026-04-13T05:55:42Z,edge-r2,gi0/1,62.0,58.0,1,1
2026-04-13T05:55:43Z,edge-r2,gi0/1,62.0,58.0,1,1
2026-04-13T05:55:44Z,edge-r2,gi0/1,62.0,58.0,1,1
2026-04-13T05:55:45Z,edge-r2,gi0/1,62.0,58.0,1,1
2026-04-13T05:55:46Z,edge-r2,gi0/1,62.0,58.0,1,1
2026-04-13T05:55:47Z,edge-r2,gi0/1,62.0,58.0,1,1
2026-04-13T05:55:48Z,edge-r2,gi0/1,62.0,58.0,1,1
2026-04-13T05:55:49Z,edge-r2,gi0/1,62.0,58.0,1,1
2026-04-13T05:55:50Z,edge-r2,gi0/1,62.0,58.0,1,1
2026-04-13T05:55:51Z,edge-r2,gi0/1,62.0,58.0,1,1
2026-04-13T05:55:52Z,edge-r2,gi0/1,62.0,58.0,1,1
2026-04-13T05:55:53Z,edge-r2,gi0/1,62.0,58.0,1,1
2026-04-13T05:55:54Z,edge-r2,gi0/1,62.0,58.0,1,1
2026-04-13T05:55:55Z,edge-r2,gi0/1,62.0,58.0,1,1
2026-04-13T05:55:56Z,edge-r2,gi0/1,62.0,58.0,1,1
2026-04-13T05:55:57Z,edge-r2,gi0/1,62.0,58.0,1,1
2026-04-13T05:55:58Z,edge-r2,gi0/1,62.0,58.0,1,1
2026-04-13T05:55:59Z,edge-r2,gi0/1,62.0,58.0,1,1
2026-04-13T05:56:00Z,edge-r2,gi0/1,62.0,58.0,1,1
2026-04-13T05:56:01Z,edge-r2,gi0/1,62.0,58.0,1,1
2026-04-13T05:56:02Z,edge-r2,gi0/1,62.0,58.0,1,1
2026-04-13T05:56:03Z,edge-r2,gi0/1,62.0,58.0,1,1
2026-04-13T05:56:04Z,edge-r2,gi0/1,62.0,58.0,1,1
2026-04-13T05:56:05Z,edge-r2,gi0/1,62.0,58.0,1,1
2026-04-13T05:56:06Z,edge-r2,gi0/1,62.0,58.0,1,1
2026-04-13T05:56:07Z,edge-r2,gi0/1,62.0,58.0,1,1
2026-04-13T05:56:08Z,edge-r2,gi0/1,62.0,58.0,1,1
2026-04-13T05:56:09Z,edge-r2,gi0/1,62.0,58.0,1,1
2026-04-13T05:56:10Z,edge-r2,gi0/1,62.0,58.0,1,1
2026-04-13T05:56:11Z,edge-r2,gi0/1,62.0,58.0,1,1
2026-04-13T05:56:12Z,edge-r2,gi0/1,62.0,58.0,1,1
2026-04-13T05:56:13Z,edge-r2,gi0/1,62.0,58.0,1,1
2026-04-13T05:56:14Z,edge-r2,gi0/1,62.0,58.0,1,1
2026-04-13T05:56:15Z,edge-r2,gi0/1,62.0,58.0,1,1
2026-04-13T05:56:16Z,edge-r2,gi0/1,62.0,58.0,1,1
2026-04-13T05:56:17Z,edge-r2,gi0/1,62.0,58.0,1,1
2026-04-13T05:56:18Z,edge-r2,gi0/1,62.0,58.0,1,1
2026-04-13T05:56:19Z,edge-r2,gi0/1,62.0,58.0,1,1
2026-04-13T05:56:20Z,edge-r2,gi0/1,62.0,58.0,1,1
2026-04-13T05:56:21Z,edge-r2,gi0/1,62.0,58.0,1,1
2026-04-13T05:56:22Z,edge-r2,gi0/1,62.0,58.0,1,1
2026-04-13T05:56:23Z,edge-r2,gi0/1,62.0,58.0,1,1
2026-04-13T05:56:24Z,edge-r2,gi0/1,62.0,58.0,1,1
2026-04-13T05:56:25Z,edge-r2,gi0/1,62.0,58.0,1,1
2026-04-13T05:56:26Z,edge-r2,gi0/1,62.0,58.0,1,1
2026-04-13T05:56:27Z,edge-r2,gi0/1,62.0,58.0,1,1
2026-04-13T05:56:28Z,edge-r2,gi0/1,62.0,58.0,1,1
2026-04-13T05:56:29Z,edge-r2,gi0/1,62.0,58.0,1,1
2026-04-13T05:56:30Z,edge-r2,gi0/1,62.0,58.0,1,1
2026-04-13T05:56:31Z,edge-r2,gi0/1,62.0,58.0,1,1
2026-04-13T05:56:32Z,edge-r2,gi0/1,62.0,58.0,1,1
2026-04-13T05:56:33Z,edge-r2,gi0/1,62.0,58.0,1,1
2026-04-13T05:56:34Z,edge-r2,gi0/1,62.0,58.0,1,1
2026-04-13T05:56:35Z,edge-r2,gi0/1,62.0,58.0,1,1
2026-04-13T05:56:36Z,edge-r2,gi0/1,62.0,58.0,1,1
2026-04-13T05:56:37Z,edge-r2,gi0/1,62.0,58.0,1,1
2026-04-13T05:56:38Z,edge-r2,gi0/1,62.0,58.0,1,1
2026-04-13T05:56:39Z,edge-r2,gi0/1,62.0,58.0,1,1
2026-04-13T05:56:40Z,edge-r2,gi0/1,62.0,58.0,1,1
2026-04-13T05:56:41Z,edge-r2,gi0/1,62.0,58.0,1,1
2026-04-13T05:56:42Z,edge-r2,gi0/1,62.0,58.0,1,1
2026-04-13T05:56:43Z,edge-r2,gi0/1,62.0,58.0,1,1
2026-04-13T05:56:44Z,edge-r2,gi0/1,62.0,58.0,1,1
2026-04-13T05:56:45Z,edge-r2,gi0/1,62.0,58.0,1,1
2026-04-13T05:56:46Z,edge-r2,gi0/1,62.0,58.0,1,1
2026-04-13T05:56:47Z,edge-r2,gi0/1,62.0,58.0,1,1
2026-04-13T05:56:48Z,edge-r2,gi0/1,62.0,58.0,1,1
2026-04-13T05:56:49Z,edge-r2,gi0/1,62.0,58.0,1,1
2026-04-13T05:56:50Z,edge-r2,gi0/1,62.0,58.0,1,1
2026-04-13T05:56:51Z,edge-r2,gi0/1,62.0,58.0,1,1
2026-04-13T05:56:52Z,edge-r2,gi0/1,62.0,58.0,1,1
2026-04-13T05:56:53Z,edge-r2,gi0/1,62.0,58.0,1,1
2026-04-13T05:56:54Z,edge-r2,gi0/1,62.0,58.0,1,1
2026-04-13T05:56:55Z,edge-r2,gi0/1,62.0,58.0,1,1
2026-04-13T05:56:56Z,edge-r2,gi0/1,62.0,58.0,1,1
2026-04-13T05:56:57Z,edge-r2,gi0/1,62.0,58.0,1,1
2026-04-13T05:56:58Z,edge-r2,gi0/1,62.0,58.0,1,1
2026-04-13T05:56:59Z,edge-r2,gi0/1,62.0,58.0,1,1
2026-04-13T05:57:00Z,edge-r2,gi0/1,62.0,58.0,1,1
2026-04-13T05:57:01Z,edge-r2,gi0/1,62.0,58.0,1,1
2026-04-13T05:57:02Z,edge-r2,gi0/1,62.0,58.0,1,1
2026-04-13T05:57:03Z,edge-r2,gi0/1,62.0,58.0,1,1
2026-04-13T05:57:04Z,edge-r2,gi0/1,62.0,58.0,1,1
2026-04-13T05:57:05Z,edge-r2,gi0/1,62.0,58.0,1,1
2026-04-13T05:57:06Z,edge-r2,gi0/1,62.0,58.0,1,1
2026-04-13T05:57:07Z,edge-r2,gi0/1,62.0,58.0,1,1
2026-04-13T05:57:08Z,edge-r2,gi0/1,62.0,58.0,1,1
2026-04-13T05:57:09Z,edge-r2,gi0/1,62.0,58.0,1,1
2026-04-13T05:57:10Z,edge-r2,gi0/1,62.0,58.0,1,1
2026-04-13T05:57:11Z,edge-r2,gi0/1,62.0,58.0,1,1
2026-04-13T05:57:12Z,edge-r2,gi0/1,62.0,58.0,1,1
2026-04-13T05:57:13Z,edge-r2,gi0/1,62.0,58.0,1,1
2026-04-13T05:57:14Z,edge-r2,gi0/1,62.0,58.0,1,1
2026-04-13T05:57:15Z,edge-r2,gi0/1,62.0,58.0,1,1
2026-04-13T05:57:16Z,edge-r2,gi0/1,62.0,58.0,1,1
2026-04-13T05:57:17Z,edge-r2,gi0/1,62.0,58.0,1,1
2026-04-13T05:57:18Z,edge-r2,gi0/1,62.0,58.0,1,1
2026-04-13T05:57:19Z,edge-r2,gi0/1,62.0,58.0,1,1
2026-04-13T05:57:20Z,edge-r2,gi0/1,62.0,58.0,1,1
2026-04-13T05:57:21Z,edge-r2,gi0/1,62.0,58.0,1,1
2026-04-13T05:57:22Z,edge-r2,gi0/1,62.0,58.0,1,1
2026-04-13T05:57:23Z,edge-r2,gi0/1,62.0,58.0,1,1
2026-04-13T05:57:24Z,edge-r2,gi0/1,62.0,58.0,1,1
2026-04-13T05:57:25Z,edge-r2,gi0/1,62.0,58.0,1,1
2026-04-13T05:57:26Z,edge-r2,gi0/1,62.0,58.0,1,1
2026-04-13T05:57:27Z,edge-r2,gi0/1,62.0,58.0,1,1
2026-04-13T05:57:28Z,edge-r2,gi0/1,62.0,58.0,1,1
2026-04-13T05:57:29Z,edge-r2,gi0/1,62.0,58.0,1,1
2026-04-13T05:57:30Z,edge-r2,gi0/1,62.0,58.0,1,1
2026-04-13T05:57:31Z,edge-r2,gi0/1,62.0,58.0,1,1
2026-04-13T05:57:32Z,edge-r2,gi0/1,62.0,58.0,1,1
2026-04-13T05:57:33Z,edge-r2,gi0/1,62.0,58.0,1,1
2026-04-13T05:57:34Z,edge-r2,gi0/1,62.0,58.0,1,1
2026-04-13T05:57:35Z,edge-r2,gi0/1,62.0,58.0,1,1
2026-04-13T05:57:36Z,edge-r2,gi0/1,62.0,58.0,1,1
2026-04-13T05:57:37Z,edge-r2,gi0/1,62.0,58.0,1,1
2026-04-13T05:57:38Z,edge-r2,gi0/1,62.0,58.0,1,1
2026-04-13T05:57:39Z,edge-r2,gi0/1,62.0,58.0,1,1
2026-04-13T05:57:40Z,edge-r2,gi0/1,62.0,58.0,1,1
2026-04-13T05:57:41Z,edge-r2,gi0/1,62.0,58.0,1,1
2026-04-13T05:57:42Z,edge-r2,gi0/1,62.0,58.0,1,1
2026-04-13T05:57:43Z,edge-r2,gi0/1,62.0,58.0,1,1
2026-04-13T05:57:44Z,edge-r2,gi0/1,62.0,58.0,1,1
2026-04-13T05:57:45Z,edge-r2,gi0/1,62.0,58.0,1,1
2026-04-13T05:57:46Z,edge-r2,gi0/1,62.0,58.0,1,1
2026-04-13T05:57:47Z,edge-r2,gi0/1,62.0,58.0,1,1
2026-04-13T05:57:48Z,edge-r2,gi0/1,62.0,58.0,1,1
2026-04-13T05:57:49Z,edge-r2,gi0/1,62.0,58.0,1,1
2026-04-13T05:57:50Z,edge-r2,gi0/1,62.0,58.0,1,1
2026-04-13T05:57:51Z,edge-r2,gi0/1,62.0,58.0,1,1
2026-04-13T05:57:52Z,edge-r2,gi0/1,62.0,58.0,1,1
2026-04-13T05:57:53Z,edge-r2,gi0/1,62.0,58.0,1,1
2026-04-13T05:57:54Z,edge-r2,gi0/1,62.0,58.0,1,1
2026-04-13T05:57:55Z,edge-r2,gi0/1,62.0,58.0,1,1
2026-04-13T05:57:56Z,edge-r2,gi0/1,62.0,58.0,1,1
2026-04-13T05:57:57Z,edge-r2,gi0/1,62.0,58.0,1,1
2026-04-13T05:57:58Z,edge-r2,gi0/1,62.0,58.0,1,1
2026-04-13T05:57:59Z,edge-r2,gi0/1,62.0,58.0,1,1
2026-04-13T05:58:00Z,edge-r2,gi0/1,62.0,58.0,1,1
2026-04-13T05:58:01Z,edge-r2,gi0/1,62.0,58.0,1,1
2026-04-13T05:58:02Z,edge-r2,gi0/1,62.0,58.0,1,1
2026-04-13T05:58:03Z,edge-r2,gi0/1,62.0,58.0,1,1
2026-04-13T05:58:04Z,edge-r2,gi0/1,62.0,58.0,1,1
2026-04-13T05:58:05Z,edge-r2,gi0/1,62.0,58.0,1,1
2026-04-13T05:58:06Z,edge-r2,gi0/1,62.0,58.0,1,1
2026-04-13T05:58:07Z,edge-r2,gi0/1,62.0,58.0,1,1
2026-04-13T05:58:08Z,edge-r2,gi0/1,62.0,58.0,1,1
2026-04-13T05:58:09Z,edge-r2,gi0/1,62.0,58.0,1,1
2026-04-13T05:58:10Z,edge-r2,gi0/1,62.0,58.0,1,1
2026-04-13T05:58:11Z,edge-r2,gi0/1,62.0,58.0,1,1
2026-04-13T05:58:12Z,edge-r2,gi0/1,62.0,58.0,1,1
2026-04-13T05:58:13Z,edge-r2,gi0/1,62.0,58.0,1,1
2026-04-13T05:58:14Z,edge-r2,gi0/1,62.0,58.0,1,1
2026-04-13T05:58:15Z,edge-r2,gi0/1,62.0,58.0,1,1
2026-04-13T05:58:16Z,edge-r2,gi0/1,62.0,58.0,1,1
2026-04-13T05:58:17Z,edge-r2,gi0/1,62.0,58.0,1,1
2026-04-13T05:58:18Z,edge-r2,gi0/1,62.0,58.0,1,1
2026-04-13T05:58:19Z,edge-r2,gi0/1,62.0,58.0,1,1
2026-04-13T05:58:20Z,edge-r2,gi0/1,62.0,58.0,1,1
2026-04-13T05:58:21Z,edge-r2,gi0/1,62.0,58.0,1,1
2026-04-13T05:58:22Z,edge-r2,gi0/1,62.0,58.0,1,1
2026-04-13T05:58:23Z,edge-r2,gi0/1,62.0,58.0,1,1
2026-04-13T05:58:24Z,edge-r2,gi0/1,62.0,58.0,1,1
2026-04-13T05:58:25Z,edge-r2,gi0/1,62.0,58.0,1,1
2026-04-13T05:58:26Z,edge-r2,gi0/1,62.0,58.0,1,1
2026-04-13T05:58:27Z,edge-r2,gi0/1,62.0,58.0,1,1
2026-04-13T05:58:28Z,edge-r2,gi0/1,62.0,58.0,1,1
2026-04-13T05:54:29Z,fw1,gi0/1,74.0,36.0,1,1
2026-04-13T05:54:30Z,fw1,gi0/1,74.0,36.0,1,1
2026-04-13T05:54:31Z,fw1,gi0/1,74.0,36.0,1,1
2026-04-13T05:54:32Z,fw1,gi0/1,74.0,36.0,1,1
2026-04-13T05:54:33Z,fw1,gi0/1,74.0,36.0,1,1
2026-04-13T05:54:34Z,fw1,gi0/1,74.0,36.0,1,1
2026-04-13T05:54:35Z,fw1,gi0/1,74.0,36.0,1,1
2026-04-13T05:54:36Z,fw1,gi0/1,74.0,36.0,1,1
2026-04-13T05:54:37Z,fw1,gi0/1,74.0,36.0,1,1
2026-04-13T05:54:38Z,fw1,gi0/1,74.0,36.0,1,1
2026-04-13T05:54:39Z,fw1,gi0/1,74.0,36.0,1,1
2026-04-13T05:54:40Z,fw1,gi0/1,74.0,36.0,1,1
2026-04-13T05:54:41Z,fw1,gi0/1,74.0,36.0,1,1
2026-04-13T05:54:42Z,fw1,gi0/1,74.0,36.0,1,1
2026-04-13T05:54:43Z,fw1,gi0/1,74.0,36.0,1,1
2026-04-13T05:54:44Z,fw1,gi0/1,74.0,36.0,1,1
2026-04-13T05:54:45Z,fw1,gi0/1,74.0,36.0,1,1
2026-04-13T05:54:46Z,fw1,gi0/1,74.0,36.0,1,1
2026-04-13T05:54:47Z,fw1,gi0/1,74.0,36.0,1,1
2026-04-13T05:54:48Z,fw1,gi0/1,74.0,36.0,1,1
2026-04-13T05:54:49Z,fw1,gi0/1,74.0,36.0,1,1
2026-04-13T05:54:50Z,fw1,gi0/1,74.0,36.0,1,1
2026-04-13T05:54:51Z,fw1,gi0/1,74.0,36.0,1,1
2026-04-13T05:54:52Z,fw1,gi0/1,74.0,36.0,1,1
2026-04-13T05:54:53Z,fw1,gi0/1,74.0,36.0,1,1
2026-04-13T05:54:54Z,fw1,gi0/1,74.0,36.0,1,1
2026-04-13T05:54:55Z,fw1,gi0/1,74.0,36.0,1,1
2026-04-13T05:54:56Z,fw1,gi0/1,74.0,36.0,1,1
2026-04-13T05:54:57Z,fw1,gi0/1,74.0,36.0,1,1
2026-04-13T05:54:58Z,fw1,gi0/1,74.0,36.0,1,1
2026-04-13T05:54:59Z,fw1,gi0/1,74.0,36.0,1,1
2026-04-13T05:55:00Z,fw1,gi0/1,74.0,36.0,1,1
2026-04-13T05:55:01Z,fw1,gi0/1,74.0,36.0,1,1
2026-04-13T05:55:02Z,fw1,gi0/1,74.0,36.0,1,1
2026-04-13T05:55:03Z,fw1,gi0/1,74.0,36.0,1,1
2026-04-13T05:55:04Z,fw1,gi0/1,74.0,36.0,1,1
2026-04-13T05:55:05Z,fw1,gi0/1,74.0,36.0,1,1
2026-04-13T05:55:06Z,fw1,gi0/1,74.0,36.0,1,1
2026-04-13T05:55:07Z,fw1,gi0/1,74.0,36.0,1,1
2026-04-13T05:55:08Z,fw1,gi0/1,74.0,36.0,1,1
2026-04-13T05:55:09Z,fw1,gi0/1,74.0,36.0,1,1
2026-04-13T05:55:10Z,fw1,gi0/1,74.0,36.0,1,1
2026-04-13T05:55:11Z,fw1,gi0/1,74.0,36.0,1,1
2026-04-13T05:55:12Z,fw1,gi0/1,74.0,36.0,1,1
2026-04-13T05:55:13Z,fw1,gi0/1,74.0,36.0,1,1
2026-04-13T05:55:14Z,fw1,gi0/1,74.0,36.0,1,1
2026-04-13T05:55:15Z,fw1,gi0/1,74.0,36.0,1,1
2026-04-13T05:55:16Z,fw1,gi0/1,74.0,36.0,1,1
2026-04-13T05:55:17Z,fw1,gi0/1,74.0,36.0,1,1
2026-04-13T05:55:18Z,fw1,gi0/1,74.0,36.0,1,1
2026-04-13T05:55:19Z,fw1,gi0/1,74.0,36.0,1,1
2026-04-13T05:55:20Z,fw1,gi0/1,74.0,36.0,1,1
2026-04-13T05:55:21Z,fw1,gi0/1,74.0,36.0,1,1
2026-04-13T05:55:22Z,fw1,gi0/1,74.0,36.0,1,1
2026-04-13T05:55:23Z,fw1,gi0/1,74.0,36.0,1,1
2026-04-13T05:55:24Z,fw1,gi0/1,74.0,36.0,1,1
2026-04-13T05:55:25Z,fw1,gi0/1,74.0,36.0,1,1
2026-04-13T05:55:26Z,fw1,gi0/1,74.0,36.0,1,1
2026-04-13T05:55:27Z,fw1,gi0/1,74.0,36.0,1,1
2026-04-13T05:55:28Z,fw1,gi0/1,74.0,36.0,1,1
2026-04-13T05:55:29Z,fw1,gi0/1,74.0,36.0,1,1
2026-04-13T05:55:30Z,fw1,gi0/1,74.0,36.0,1,1
2026-04-13T05:55:31Z,fw1,gi0/1,74.0,36.0,1,1
2026-04-13T05:55:32Z,fw1,gi0/1,74.0,36.0,1,1
2026-04-13T05:55:33Z,fw1,gi0/1,74.0,36.0,1,1
2026-04-13T05:55:34Z,fw1,gi0/1,74.0,36.0,1,1
2026-04-13T05:55:35Z,fw1,gi0/1,74.0,36.0,1,1
2026-04-13T05:55:36Z,fw1,gi0/1,74.0,36.0,1,1
2026-04-13T05:55:37Z,fw1,gi0/1,74.0,36.0,1,1
2026-04-13T05:55:38Z,fw1,gi0/1,74.0,36.0,1,1
2026-04-13T05:55:39Z,fw1,gi0/1,74.0,36.0,1,1
2026-04-13T05:55:40Z,fw1,gi0/1,74.0,36.0,1,1
2026-04-13T05:55:41Z,fw1,gi0/1,74.0,36.0,1,1
2026-04-13T05:55:42Z,fw1,gi0/1,74.0,36.0,1,1
2026-04-13T05:55:43Z,fw1,gi0/1,74.0,36.0,1,1
2026-04-13T05:55:44Z,fw1,gi0/1,74.0,36.0,1,1
2026-04-13T05:55:45Z,fw1,gi0/1,74.0,36.0,1,1
2026-04-13T05:55:46Z,fw1,gi0/1,74.0,36.0,1,1
2026-04-13T05:55:47Z,fw1,gi0/1,74.0,36.0,1,1
2026-04-13T05:55:48Z,fw1,gi0/1,74.0,36.0,1,1
2026-04-13T05:55:49Z,fw1,gi0/1,74.0,36.0,1,1
2026-04-13T05:55:50Z,fw1,gi0/1,74.0,36.0,1,1
2026-04-13T05:55:51Z,fw1,gi0/1,74.0,36.0,1,1
2026-04-13T05:55:52Z,fw1,gi0/1,74.0,36.0,1,1
2026-04-13T05:55:53Z,fw1,gi0/1,74.0,36.0,1,1
2026-04-13T05:55:54Z,fw1,gi0/1,74.0,36.0,1,1
2026-04-13T05:55:55Z,fw1,gi0/1,74.0,36.0,1,1
2026-04-13T05:55:56Z,fw1,gi0/1,74.0,36.0,1,1
2026-04-13T05:55:57Z,fw1,gi0/1,74.0,36.0,1,1
2026-04-13T05:55:58Z,fw1,gi0/1,74.0,36.0,1,1
2026-04-13T05:55:59Z,fw1,gi0/1,74.0,36.0,1,1
2026-04-13T05:56:00Z,fw1,gi0/1,74.0,36.0,1,1
2026-04-13T05:56:01Z,fw1,gi0/1,74.0,36.0,1,1
2026-04-13T05:56:02Z,fw1,gi0/1,74.0,36.0,1,1
2026-04-13T05:56:03Z,fw1,gi0/1,74.0,36.0,1,1
2026-04-13T05:56:04Z,fw1,gi0/1,74.0,36.0,1,1
2026-04-13T05:56:05Z,fw1,gi0/1,74.0,36.0,1,1
2026-04-13T05:56:06Z,fw1,gi0/1,74.0,36.0,1,1
2026-04-13T05:56:07Z,fw1,gi0/1,74.0,36.0,1,1
2026-04-13T05:56:08Z,fw1,gi0/1,74.0,36.0,1,1
2026-04-13T05:56:09Z,fw1,gi0/1,74.0,36.0,1,1
2026-04-13T05:56:10Z,fw1,gi0/1,74.0,36.0,1,1
2026-04-13T05:56:11Z,fw1,gi0/1,74.0,36.0,1,1
2026-04-13T05:56:12Z,fw1,gi0/1,74.0,36.0,1,1
2026-04-13T05:56:13Z,fw1,gi0/1,74.0,36.0,1,1
2026-04-13T05:56:14Z,fw1,gi0/1,74.0,36.0,1,1
2026-04-13T05:56:15Z,fw1,gi0/1,74.0,36.0,1,1
2026-04-13T05:56:16Z,fw1,gi0/1,74.0,36.0,1,1
2026-04-13T05:56:17Z,fw1,gi0/1,74.0,36.0,1,1
2026-04-13T05:56:18Z,fw1,gi0/1,74.0,36.0,1,1
2026-04-13T05:56:19Z,fw1,gi0/1,74.0,36.0,1,1
2026-04-13T05:56:20Z,fw1,gi0/1,74.0,36.0,1,1
2026-04-13T05:56:21Z,fw1,gi0/1,74.0,36.0,1,1
2026-04-13T05:56:22Z,fw1,gi0/1,74.0,36.0,1,1
2026-04-13T05:56:23Z,fw1,gi0/1,74.0,36.0,1,1
2026-04-13T05:56:24Z,fw1,gi0/1,74.0,36.0,1,1
2026-04-13T05:56:25Z,fw1,gi0/1,74.0,36.0,1,1
2026-04-13T05:56:26Z,fw1,gi0/1,74.0,36.0,1,1
2026-04-13T05:56:27Z,fw1,gi0/1,74.0,36.0,1,1
2026-04-13T05:56:28Z,fw1,gi0/1,74.0,36.0,1,1
2026-04-13T05:56:29Z,fw1,gi0/1,74.0,36.0,1,1
2026-04-13T05:56:30Z,fw1,gi0/1,74.0,36.0,1,1
2026-04-13T05:56:31Z,fw1,gi0/1,74.0,36.0,1,1
2026-04-13T05:56:32Z,fw1,gi0/1,74.0,36.0,1,1
2026-04-13T05:56:33Z,fw1,gi0/1,74.0,36.0,1,1
2026-04-13T05:56:34Z,fw1,gi0/1,74.0,36.0,1,1
2026-04-13T05:56:35Z,fw1,gi0/1,74.0,36.0,1,1
2026-04-13T05:56:36Z,fw1,gi0/1,74.0,36.0,1,1
2026-04-13T05:56:37Z,fw1,gi0/1,74.0,36.0,1,1
2026-04-13T05:56:38Z,fw1,gi0/1,74.0,36.0,1,1
2026-04-13T05:56:39Z,fw1,gi0/1,74.0,36.0,1,1
2026-04-13T05:56:40Z,fw1,gi0/1,74.0,36.0,1,1
2026-04-13T05:56:41Z,fw1,gi0/1,74.0,36.0,1,1
2026-04-13T05:56:42Z,fw1,gi0/1,74.0,36.0,1,1
2026-04-13T05:56:43Z,fw1,gi0/1,74.0,36.0,1,1
2026-04-13T05:56:44Z,fw1,gi0/1,74.0,36.0,1,1
2026-04-13T05:56:45Z,fw1,gi0/1,74.0,36.0,1,1
2026-04-13T05:56:46Z,fw1,gi0/1,74.0,36.0,1,1
2026-04-13T05:56:47Z,fw1,gi0/1,74.0,36.0,1,1
2026-04-13T05:56:48Z,fw1,gi0/1,74.0,36.0,1,1
2026-04-13T05:56:49Z,fw1,gi0/1,74.0,36.0,1,1
2026-04-13T05:56:50Z,fw1,gi0/1,74.0,36.0,1,1
2026-04-13T05:56:51Z,fw1,gi0/1,74.0,36.0,1,1
2026-04-13T05:56:52Z,fw1,gi0/1,74.0,36.0,1,1
2026-04-13T05:56:53Z,fw1,gi0/1,74.0,36.0,1,1
2026-04-13T05:56:54Z,fw1,gi0/1,74.0,36.0,1,1
2026-04-13T05:56:55Z,fw1,gi0/1,74.0,36.0,1,1
2026-04-13T05:56:56Z,fw1,gi0/1,74.0,36.0,1,1
2026-04-13T05:56:57Z,fw1,gi0/1,74.0,36.0,1,1
2026-04-13T05:56:58Z,fw1,gi0/1,74.0,36.0,1,1
2026-04-13T05:56:59Z,fw1,gi0/1,74.0,36.0,1,1
2026-04-13T05:57:00Z,fw1,gi0/1,74.0,36.0,1,1
2026-04-13T05:57:01Z,fw1,gi0/1,74.0,36.0,1,1
2026-04-13T05:57:02Z,fw1,gi0/1,74.0,36.0,1,1
2026-04-13T05:57:03Z,fw1,gi0/1,74.0,36.0,1,1
2026-04-13T05:57:04Z,fw1,gi0/1,74.0,36.0,1,1
2026-04-13T05:57:05Z,fw1,gi0/1,74.0,36.0,1,1
2026-04-13T05:57:06Z,fw1,gi0/1,74.0,36.0,1,1
2026-04-13T05:57:07Z,fw1,gi0/1,74.0,36.0,1,1
2026-04-13T05:57:08Z,fw1,gi0/1,74.0,36.0,1,1
2026-04-13T05:57:09Z,fw1,gi0/1,74.0,36.0,1,1
2026-04-13T05:57:10Z,fw1,gi0/1,74.0,36.0,1,1
2026-04-13T05:57:11Z,fw1,gi0/1,74.0,36.0,1,1
2026-04-13T05:57:12Z,fw1,gi0/1,74.0,36.0,1,1
2026-04-13T05:57:13Z,fw1,gi0/1,74.0,36.0,1,1
2026-04-13T05:57:14Z,fw1,gi0/1,74.0,36.0,1,1
2026-04-13T05:57:15Z,fw1,gi0/1,74.0,36.0,1,1
2026-04-13T05:57:16Z,fw1,gi0/1,74.0,36.0,1,1
2026-04-13T05:57:17Z,fw1,gi0/1,74.0,36.0,1,1
2026-04-13T05:57:18Z,fw1,gi0/1,74.0,36.0,1,1
2026-04-13T05:57:19Z,fw1,gi0/1,74.0,36.0,1,1
2026-04-13T05:57:20Z,fw1,gi0/1,74.0,36.0,1,1
2026-04-13T05:57:21Z,fw1,gi0/1,74.0,36.0,1,1
2026-04-13T05:57:22Z,fw1,gi0/1,74.0,36.0,1,1
2026-04-13T05:57:23Z,fw1,gi0/1,74.0,36.0,1,1
2026-04-13T05:57:24Z,fw1,gi0/1,74.0,36.0,1,1
2026-04-13T05:57:25Z,fw1,gi0/1,74.0,36.0,1,1
2026-04-13T05:57:26Z,fw1,gi0/1,74.0,36.0,1,1
2026-04-13T05:57:27Z,fw1,gi0/1,74.0,36.0,1,1
2026-04-13T05:57:28Z,fw1,gi0/1,74.0,36.0,1,1
2026-04-13T05:57:29Z,fw1,gi0/1,74.0,36.0,1,1
2026-04-13T05:57:30Z,fw1,gi0/1,74.0,36.0,1,1
2026-04-13T05:57:31Z,fw1,gi0/1,74.0,36.0,1,1
2026-04-13T05:57:32Z,fw1,gi0/1,74.0,36.0,1,1
2026-04-13T05:57:33Z,fw1,gi0/1,74.0,36.0,1,1
2026-04-13T05:57:34Z,fw1,gi0/1,74.0,36.0,1,1
2026-04-13T05:57:35Z,fw1,gi0/1,74.0,36.0,1,1
2026-04-13T05:57:36Z,fw1,gi0/1,74.0,36.0,1,1
2026-04-13T05:57:37Z,fw1,gi0/1,74.0,36.0,1,1
2026-04-13T05:57:38Z,fw1,gi0/1,74.0,36.0,1,1
2026-04-13T05:57:39Z,fw1,gi0/1,74.0,36.0,1,1
2026-04-13T05:57:40Z,fw1,gi0/1,74.0,36.0,1,1
2026-04-13T05:57:41Z,fw1,gi0/1,74.0,36.0,1,1
2026-04-13T05:57:42Z,fw1,gi0/1,74.0,36.0,1,1
2026-04-13T05:57:43Z,fw1,gi0/1,74.0,36.0,1,1
2026-04-13T05:57:44Z,fw1,gi0/1,74.0,36.0,1,1
2026-04-13T05:57:45Z,fw1,gi0/1,74.0,36.0,1,1
2026-04-13T05:57:46Z,fw1,gi0/1,74.0,36.0,1,1
2026-04-13T05:57:47Z,fw1,gi0/1,74.0,36.0,1,1
2026-04-13T05:57:48Z,fw1,gi0/1,74.0,36.0,1,1
2026-04-13T05:57:49Z,fw1,gi0/1,74.0,36.0,1,1
2026-04-13T05:57:50Z,fw1,gi0/1,74.0,36.0,1,1
2026-04-13T05:57:51Z,fw1,gi0/1,74.0,36.0,1,1
2026-04-13T05:57:52Z,fw1,gi0/1,74.0,36.0,1,1
2026-04-13T05:57:53Z,fw1,gi0/1,74.0,36.0,1,1
2026-04-13T05:57:54Z,fw1,gi0/1,74.0,36.0,1,1
2026-04-13T05:57:55Z,fw1,gi0/1,74.0,36.0,1,1
2026-04-13T05:57:56Z,fw1,gi0/1,74.0,36.0,1,1
2026-04-13T05:57:57Z,fw1,gi0/1,74.0,36.0,1,1
2026-04-13T05:57:58Z,fw1,gi0/1,74.0,36.0,1,1
2026-04-13T05:57:59Z,fw1,gi0/1,74.0,36.0,1,1
2026-04-13T05:58:00Z,fw1,gi0/1,74.0,36.0,1,1
2026-04-13T05:58:01Z,fw1,gi0/1,74.0,36.0,1,1
2026-04-13T05:58:02Z,fw1,gi0/1,74.0,36.0,1,1
2026-04-13T05:58:03Z,fw1,gi0/1,74.0,36.0,1,1
2026-04-13T05:58:04Z,fw1,gi0/1,74.0,36.0,1,1
2026-04-13T05:58:05Z,fw1,gi0/1,74.0,36.0,1,1
2026-04-13T05:58:06Z,fw1,gi0/1,74.0,36.0,1,1
2026-04-13T05:58:07Z,fw1,gi0/1,74.0,36.0,1,1
2026-04-13T05:58:08Z,fw1,gi0/1,74.0,36.0,1,1
2026-04-13T05:58:09Z,fw1,gi0/1,74.0,36.0,1,1
2026-04-13T05:58:10Z,fw1,gi0/1,74.0,36.0,1,1
2026-04-13T05:58:11Z,fw1,gi0/1,74.0,36.0,1,1
2026-04-13T05:58:12Z,fw1,gi0/1,74.0,36.0,1,1
2026-04-13T05:58:13Z,fw1,gi0/1,74.0,36.0,1,1
2026-04-13T05:58:14Z,fw1,gi0/1,74.0,36.0,1,1
2026-04-13T05:58:15Z,fw1,gi0/1,74.0,36.0,1,1
2026-04-13T05:58:16Z,fw1,gi0/1,74.0,36.0,1,1
2026-04-13T05:58:17Z,fw1,gi0/1,74.0,36.0,1,1
2026-04-13T05:58:18Z,fw1,gi0/1,74.0,36.0,1,1
2026-04-13T05:58:19Z,fw1,gi0/1,74.0,36.0,1,1
2026-04-13T05:58:20Z,fw1,gi0/1,74.0,36.0,1,1
2026-04-13T05:58:21Z,fw1,gi0/1,74.0,36.0,1,1
2026-04-13T05:58:22Z,fw1,gi0/1,74.0,36.0,1,1
2026-04-13T05:58:23Z,fw1,gi0/1,74.0,36.0,1,1
2026-04-13T05:58:24Z,fw1,gi0/1,74.0,36.0,1,1
2026-04-13T05:58:25Z,fw1,gi0/1,74.0,36.0,1,1
2026-04-13T05:58:26Z,fw1,gi0/1,74.0,36.0,1,1
2026-04-13T05:58:27Z,fw1,gi0/1,74.0,36.0,1,1
2026-04-13T05:58:28Z,fw1,gi0/1,74.0,36.0,1,1
